#include "lvgl.h"

static const uint8_t badge_avatar_map[] = {
0xA5,0x19,0xA5,0x19,0xA5,0x19,0xA5,0x19,0xA5,0x19,0xA5,0x19,0xA5,0x19,0xA5,0x19,0xA5,0x19,0xA5,0x19,0xA5,0x19,0xA5,0x19,0xA5,0x19,0xA5,0x19,0xA5,0x19,0xA5,0x19,
0xA5,0x19,0xA5,0x19,0xA5,0x19,0xA5,0x19,0xA5,0x19,0xA5,0x19,0xA5,0x19,0xA5,0x19,0xA5,0x19,0xA5,0x19,0xA5,0x19,0xA5,0x19,0xA5,0x19,0xA5,0x19,0xA5,0x19,0x82,0x10,
0x00,0x00,0x00,0x00,0x00,0x00,0x00,0x00,0x00,0x00,0x20,0x00,0x00,0x00,0x00,0x00,0x00,0x00,0x00,0x00,0x00,0x00,0x00,0x00,0x00,0x00,0x00,0x00,0x00,0x00,0x20,0x00,
0x61,0x08,0xA5,0x19,0xA5,0x19,0xA5,0x19,0xA5,0x19,0xA5,0x19,0xA5,0x19,0xA5,0x19,0xA5,0x19,0xA5,0x19,0xA5,0x19,0xA5,0x19,0xA5,0x19,0xA5,0x19,0xA5,0x19,0xA5,0x19,
0xA5,0x19,0xA5,0x19,0xA5,0x19,0xA5,0x19,0xA5,0x19,0xA5,0x19,0xA5,0x19,0xA5,0x19,0xA5,0x19,0xA5,0x19,0xA5,0x19,0xA5,0x19,0xA5,0x19,0xA5,0x19,0xA5,0x19,0xA5,0x19,
0xA5,0x19,0xA5,0x19,0xA5,0x19,0xA5,0x19,0xA5,0x19,0xA5,0x19,0xA5,0x19,0xA5,0x19,0xA5,0x19,0xA5,0x19,0xA5,0x19,0xA5,0x19,0xA5,0x19,0xA5,0x19,0xA5,0x19,0xA5,0x19,
0xA5,0x19,0xA5,0x19,0xA5,0x19,0xA5,0x19,0xA5,0x19,0xA5,0x19,0xA5,0x19,0xA5,0x19,0xA5,0x19,0xA5,0x19,0xA5,0x19,0xA2,0x10,0x81,0x10,0x81,0x10,0x81,0x10,0x81,0x08,
0x41,0x08,0x41,0x08,0x41,0x08,0x40,0x08,0x40,0x08,0x41,0x08,0x41,0x08,0x41,0x08,0x41,0x08,0x41,0x08,0x41,0x08,0x41,0x08,0x41,0x08,0x40,0x08,0x40,0x08,0x41,0x08,
0x61,0x08,0x81,0x10,0x61,0x08,0x82,0x10,0x82,0x10,0xA5,0x19,0xA5,0x19,0xA5,0x19,0xA5,0x19,0xA5,0x19,0xA5,0x19,0xA5,0x19,0xA5,0x19,0xA5,0x19,0xA5,0x19,0xA5,0x19,
0xA5,0x19,0xA5,0x19,0xA5,0x19,0xA5,0x19,0xA5,0x19,0xA5,0x19,0xA5,0x19,0xA5,0x19,0xA5,0x19,0xA5,0x19,0xA5,0x19,0xA5,0x19,0xA5,0x19,0xA5,0x19,0xA5,0x19,0xA5,0x19,
0xA5,0x19,0xA5,0x19,0xA5,0x19,0xA5,0x19,0xA5,0x19,0xA5,0x19,0xA5,0x19,0xA5,0x19,0xA5,0x19,0xA5,0x19,0xA5,0x19,0xA5,0x19,0xA5,0x19,0xA5,0x19,0xA5,0x19,0xA5,0x19,
0xA5,0x19,0xA5,0x19,0xA5,0x19,0xA5,0x19,0xA5,0x19,0xA5,0x19,0xA5,0x19,0xA5,0x19,0xA5,0x19,0xA2,0x10,0xA2,0x10,0x61,0x08,0x00,0x00,0x00,0x00,0x00,0x00,0xA2,0x10,
0x03,0x21,0xE3,0x18,0xE3,0x18,0xE3,0x18,0xE3,0x18,0xE3,0x18,0xE3,0x18,0xE3,0x18,0xE3,0x18,0x03,0x21,0xE3,0x18,0xE3,0x18,0xE3,0x18,0xE3,0x18,0xE3,0x18,0x04,0x21,
0xA2,0x10,0x00,0x00,0x00,0x00,0x00,0x00,0x20,0x00,0xC2,0x18,0xA5,0x19,0xA5,0x19,0xA5,0x19,0xA5,0x19,0xA5,0x19,0xA5,0x19,0xA5,0x19,0xA5,0x19,0xA5,0x19,0xA5,0x19,
0xA5,0x19,0xA5,0x19,0xA5,0x19,0xA5,0x19,0xA5,0x19,0xA5,0x19,0xA5,0x19,0xA5,0x19,0xA5,0x19,0xA5,0x19,0xA5,0x19,0xA5,0x19,0xA5,0x19,0xA5,0x19,0xA5,0x19,0xA5,0x19,
0xA5,0x19,0xA5,0x19,0xA5,0x19,0xA5,0x19,0xA5,0x19,0xA5,0x19,0xA5,0x19,0xA5,0x19,0xA5,0x19,0xA5,0x19,0xA5,0x19,0xA5,0x19,0xA5,0x19,0xA5,0x19,0xA5,0x19,0xA5,0x19,
0xA5,0x19,0xA5,0x19,0xA5,0x19,0xA5,0x19,0xA5,0x19,0xA5,0x19,0xA5,0x19,0xA5,0x19,0x41,0x08,0x00,0x00,0x00,0x00,0xA2,0x10,0xE3,0x18,0xA5,0x19,0xA5,0x19,0xA5,0x19,
0xE3,0x18,0xE3,0x18,0xA5,0x19,0xE3,0x18,0xE3,0x18,0xE3,0x18,0xE3,0x18,0xE3,0x18,0xE3,0x18,0xE3,0x18,0xE3,0x18,0xE3,0x18,0xE3,0x18,0xE3,0x18,0xE3,0x18,0xE3,0x18,
0xE3,0x18,0xA5,0x19,0xA5,0x19,0xE3,0x18,0xC2,0x18,0x20,0x00,0x00,0x00,0x20,0x00,0xA2,0x10,0xA5,0x19,0xA5,0x19,0xA5,0x19,0xA5,0x19,0xA5,0x19,0xA5,0x19,0xA5,0x19,
0xA5,0x19,0xA5,0x19,0xA5,0x19,0xA5,0x19,0xA5,0x19,0xA5,0x19,0xA5,0x19,0xA5,0x19,0xA5,0x19,0xA5,0x19,0xA5,0x19,0xA5,0x19,0xA5,0x19,0xA5,0x19,0xA5,0x19,0xA5,0x19,
0xA5,0x19,0xA5,0x19,0xA5,0x19,0xA5,0x19,0xA5,0x19,0xA5,0x19,0xA5,0x19,0xA5,0x19,0xA5,0x19,0xA5,0x19,0xA5,0x19,0xA5,0x19,0xA5,0x19,0xA5,0x19,0xA5,0x19,0xA5,0x19,
0xA5,0x19,0xA5,0x19,0xA5,0x19,0xE3,0x18,0xA5,0x19,0x61,0x08,0x00,0x00,0x00,0x00,0xA2,0x10,0xC2,0x18,0xC2,0x18,0xE3,0x18,0xE3,0x18,0xE3,0x18,0xE3,0x18,0xE3,0x18,
0xE3,0x18,0xE3,0x18,0xE3,0x18,0xE3,0x18,0xE3,0x18,0xE3,0x18,0xE3,0x18,0xE3,0x18,0xE3,0x18,0xE3,0x18,0xE3,0x18,0xE3,0x18,0xE3,0x18,0xE3,0x18,0xE3,0x18,0xE3,0x18,
0xE3,0x18,0xE3,0x18,0xE3,0x18,0xE3,0x18,0xE3,0x18,0xC2,0x18,0xC2,0x18,0x61,0x08,0x00,0x00,0x00,0x00,0x41,0x08,0xE3,0x18,0xA5,0x19,0xA5,0x19,0xA5,0x19,0xA5,0x19,
0xA5,0x19,0xA5,0x19,0xA5,0x19,0xA5,0x19,0xA5,0x19,0xA5,0x19,0xA5,0x19,0xA5,0x19,0xA5,0x19,0xA5,0x19,0xA5,0x19,0xA5,0x19,0xA5,0x19,0xA5,0x19,0xA5,0x19,0xA5,0x19,
0xA5,0x19,0xA5,0x19,0xA5,0x19,0xA5,0x19,0xA5,0x19,0xA5,0x19,0xA5,0x19,0xA5,0x19,0xA5,0x19,0xA5,0x19,0xA5,0x19,0xA5,0x19,0xA5,0x19,0xA5,0x19,0xA5,0x19,0xA5,0x19,
0xA5,0x19,0xA5,0x19,0xA5,0x19,0x81,0x10,0x40,0x08,0x81,0x10,0xA2,0x10,0x82,0x10,0xE3,0x18,0x03,0x19,0x03,0x19,0x03,0x21,0xE3,0x18,0xE3,0x18,0xE3,0x18,0xA5,0x19,
0xA5,0x19,0xE3,0x18,0xE3,0x18,0xE3,0x18,0xE3,0x18,0xE3,0x18,0xE3,0x18,0xE3,0x18,0xE3,0x18,0xE3,0x18,0xE3,0x18,0xE3,0x18,0xE3,0x18,0xE3,0x18,0xE3,0x18,0xE3,0x18,
0xE3,0x18,0xE3,0x18,0xE3,0x18,0xE3,0x18,0xE3,0x18,0xE3,0x18,0x03,0x21,0xA5,0x19,0x81,0x10,0x81,0x10,0x61,0x08,0x20,0x00,0x40,0x08,0xA5,0x19,0xA5,0x19,0xA5,0x19,
0xA5,0x19,0xA5,0x19,0xA5,0x19,0xA5,0x19,0xA5,0x19,0xA5,0x19,0xA5,0x19,0xA5,0x19,0xA5,0x19,0xA5,0x19,0xA5,0x19,0xA5,0x19,0xA5,0x19,0xA5,0x19,0xA5,0x19,0xA5,0x19,
0xA5,0x19,0xA5,0x19,0xA5,0x19,0xA5,0x19,0xA5,0x19,0xA5,0x19,0xA5,0x19,0xA5,0x19,0xA5,0x19,0xA5,0x19,0xA5,0x19,0xA5,0x19,0xA5,0x19,0xA5,0x19,0xA5,0x19,0xA5,0x19,
0xA2,0x10,0x41,0x08,0x41,0x08,0x00,0x00,0x61,0x08,0xE3,0x18,0x23,0x21,0x03,0x21,0x03,0x19,0xE3,0x18,0xE3,0x18,0xA2,0x10,0xC2,0x18,0xE3,0x18,0xA5,0x19,0xA5,0x19,
0xE3,0x18,0xE3,0x18,0xA5,0x19,0xA5,0x19,0xE3,0x18,0xE3,0x18,0xE3,0x18,0xE3,0x18,0xE3,0x18,0xE3,0x18,0xE3,0x18,0xE3,0x18,0xE3,0x18,0xE3,0x18,0xE3,0x18,0xE3,0x18,
0xE3,0x18,0xE3,0x18,0xE3,0x18,0xE3,0x18,0xE3,0x18,0xE3,0x18,0xE3,0x18,0xE3,0x18,0x03,0x21,0x03,0x21,0xE3,0x18,0x82,0x10,0x81,0x10,0x41,0x08,0x61,0x08,0xA2,0x10,
0xA5,0x19,0xA5,0x19,0xA5,0x19,0xA5,0x19,0xA5,0x19,0xA5,0x19,0xA5,0x19,0xA5,0x19,0xA5,0x19,0xA5,0x19,0xA5,0x19,0xA5,0x19,0xA5,0x19,0xA5,0x19,0xA5,0x19,0xA5,0x19,
0xA5,0x19,0xA5,0x19,0xA5,0x19,0xA5,0x19,0xA5,0x19,0xA5,0x19,0xA5,0x19,0xA5,0x19,0xA5,0x19,0xA5,0x19,0xA5,0x19,0xA5,0x19,0xA5,0x19,0xA5,0x19,0xA5,0x19,0xA5,0x19,
0xA2,0x10,0x61,0x08,0x41,0x08,0x41,0x08,0xE3,0x18,0x03,0x21,0xE3,0x18,0xE3,0x18,0x03,0x19,0xE3,0x18,0xE3,0x18,0x00,0x00,0xA2,0x10,0xE3,0x18,0xE3,0x18,0xA5,0x19,
0xA5,0x19,0xA5,0x19,0xA5,0x19,0xE3,0x18,0xE3,0x18,0xA5,0x19,0xE3,0x18,0xE3,0x18,0xE3,0x18,0xE3,0x18,0xE3,0x18,0xE3,0x18,0xE3,0x18,0xE3,0x18,0xE3,0x18,0xE3,0x18,
0xE3,0x18,0xA5,0x19,0xE3,0x18,0xE3,0x18,0xE3,0x18,0xE3,0x18,0xE3,0x18,0xE3,0x18,0xE3,0x18,0x03,0x19,0x03,0x21,0x23,0x21,0xE3,0x18,0x61,0x08,0x20,0x00,0x40,0x08,
0xA2,0x10,0xA5,0x19,0xA5,0x19,0xA5,0x19,0xA5,0x19,0xA5,0x19,0xA5,0x19,0xA5,0x19,0xA5,0x19,0xA5,0x19,0xA5,0x19,0xA5,0x19,0xA5,0x19,0xA5,0x19,0xA5,0x19,0xA5,0x19,
0xA5,0x19,0xA5,0x19,0xA5,0x19,0xA5,0x19,0xA5,0x19,0xA5,0x19,0xA5,0x19,0xA5,0x19,0xA5,0x19,0xA5,0x19,0xA5,0x19,0xA5,0x19,0xA5,0x19,0xA5,0x19,0x82,0x10,0x00,0x00,
0x41,0x08,0x03,0x21,0x03,0x21,0x03,0x21,0x03,0x19,0xE3,0x18,0xE3,0x18,0xE3,0x18,0xE3,0x18,0x03,0x21,0xC2,0x18,0x00,0x00,0xA2,0x10,0xE3,0x18,0xA5,0x19,0xA5,0x19,
0xA5,0x19,0xA5,0x19,0xA5,0x19,0xE3,0x18,0xE3,0x18,0xA5,0x19,0xA5,0x19,0xA5,0x19,0xE3,0x18,0xE3,0x18,0xE3,0x18,0xE3,0x18,0xE3,0x18,0xE3,0x18,0xE3,0x18,0xA5,0x19,
0xE3,0x18,0xE3,0x18,0xE3,0x18,0xE3,0x18,0xE3,0x18,0xE3,0x18,0xE3,0x18,0xE3,0x18,0xE3,0x18,0x03,0x19,0xE3,0x18,0xE3,0x18,0x03,0x19,0x03,0x21,0xE3,0x18,0x82,0x10,
0x00,0x00,0x82,0x10,0xE3,0x18,0xA5,0x19,0xA5,0x19,0xA5,0x19,0xA5,0x19,0xA5,0x19,0xA5,0x19,0xA5,0x19,0xA5,0x19,0xA5,0x19,0xA5,0x19,0xA5,0x19,0xA5,0x19,0xA5,0x19,
0xA5,0x19,0xA5,0x19,0xA5,0x19,0xA5,0x19,0xA5,0x19,0xA5,0x19,0xA5,0x19,0xA5,0x19,0xA5,0x19,0xA5,0x19,0xA5,0x19,0xA5,0x19,0xE3,0x18,0x20,0x00,0x20,0x00,0xC2,0x18,
0xC2,0x18,0x03,0x19,0xC2,0x18,0xE3,0x18,0xE3,0x18,0xE3,0x18,0xE3,0x18,0xE3,0x18,0x03,0x19,0x03,0x21,0x41,0x08,0x41,0x08,0xA5,0x19,0xE3,0x18,0xA5,0x19,0xA5,0x19,
0xA5,0x19,0xE3,0x18,0xA5,0x19,0xE3,0x18,0xE3,0x18,0xE3,0x18,0xE3,0x18,0xE3,0x18,0xE3,0x18,0xE3,0x18,0xE3,0x18,0xE3,0x18,0xE3,0x18,0xE3,0x18,0xE3,0x18,0xE3,0x18,
0xE3,0x18,0xE3,0x18,0xE3,0x18,0xE3,0x18,0xE3,0x18,0xE3,0x18,0xE3,0x18,0xE3,0x18,0xE3,0x18,0x03,0x21,0x40,0x08,0xA2,0x10,0x03,0x21,0xE3,0x18,0x03,0x19,0xE3,0x18,
0xE3,0x18,0x61,0x08,0x00,0x00,0xA5,0x19,0xA5,0x19,0xA5,0x19,0xA5,0x19,0xA5,0x19,0xA5,0x19,0xA5,0x19,0xA5,0x19,0xA5,0x19,0xA5,0x19,0xA5,0x19,0xA5,0x19,0xA5,0x19,
0xA5,0x19,0xA5,0x19,0xA5,0x19,0xA5,0x19,0xA5,0x19,0xA5,0x19,0xA5,0x19,0xA5,0x19,0xA5,0x19,0xA5,0x19,0xA5,0x19,0xA2,0x10,0x61,0x08,0x61,0x08,0xA2,0x10,0x03,0x21,
0x03,0x21,0xC2,0x18,0x40,0x08,0xA5,0x19,0xE3,0x18,0xE3,0x18,0xE3,0x18,0xE3,0x18,0x03,0x19,0x03,0x21,0x41,0x08,0xA2,0x10,0xE3,0x18,0xA5,0x19,0xA5,0x19,0xA5,0x19,
0xE3,0x18,0xE3,0x18,0xE3,0x18,0xE3,0x18,0xE3,0x18,0xE3,0x18,0xE3,0x18,0xE3,0x18,0xE3,0x18,0xE3,0x18,0xE3,0x18,0xE3,0x18,0xE3,0x18,0xE3,0x18,0xE3,0x18,0xE3,0x18,
0xE3,0x18,0xE3,0x18,0xE3,0x18,0xE3,0x18,0xE3,0x18,0xE3,0x18,0xE3,0x18,0xE3,0x18,0xE3,0x18,0x03,0x19,0xC2,0x18,0x40,0x08,0xA2,0x10,0x03,0x19,0xE3,0x18,0x03,0x19,
0x04,0x21,0x82,0x10,0x20,0x00,0x61,0x08,0xC2,0x18,0xA5,0x19,0xA5,0x19,0xA5,0x19,0xA5,0x19,0xA5,0x19,0xA5,0x19,0xA5,0x19,0xA5,0x19,0xA5,0x19,0xA5,0x19,0xA5,0x19,
0xA5,0x19,0xA5,0x19,0xA5,0x19,0xA5,0x19,0xA5,0x19,0xA5,0x19,0xA5,0x19,0xA5,0x19,0xA5,0x19,0xA5,0x19,0xA5,0x19,0x61,0x08,0x20,0x00,0xE3,0x18,0x24,0x21,0x03,0x19,
0x03,0x21,0x40,0x08,0x81,0x10,0xE3,0x18,0xE3,0x18,0xE3,0x18,0xE3,0x18,0xE3,0x18,0x03,0x21,0xA2,0x10,0x00,0x00,0xC2,0x18,0xE3,0x18,0xE3,0x18,0xE3,0x18,0xE3,0x18,
0xE3,0x18,0xE3,0x18,0xE3,0x18,0xE3,0x18,0xE3,0x18,0xE3,0x18,0xE3,0x18,0xE3,0x18,0xE3,0x18,0xE3,0x18,0xE3,0x18,0xE3,0x18,0xE3,0x18,0xE3,0x18,0xE3,0x18,0xE3,0x18,
0xE3,0x18,0xE3,0x18,0xE3,0x18,0xE3,0x18,0xE3,0x18,0xE3,0x18,0xE3,0x18,0xE3,0x18,0xE3,0x18,0xE3,0x18,0x03,0x21,0x00,0x00,0x82,0x10,0x03,0x21,0xE3,0x18,0x03,0x19,
0x03,0x19,0x03,0x21,0xC2,0x18,0x00,0x00,0xA2,0x10,0xA5,0x19,0xA5,0x19,0xA5,0x19,0xA5,0x19,0xA5,0x19,0xA5,0x19,0xA5,0x19,0xA5,0x19,0xA5,0x19,0xA5,0x19,0xA5,0x19,
0xA5,0x19,0xA5,0x19,0xA5,0x19,0xA5,0x19,0xA5,0x19,0xA5,0x19,0xA5,0x19,0xA5,0x19,0xA5,0x19,0xA5,0x19,0x41,0x08,0x40,0x08,0xE3,0x20,0x03,0x19,0x03,0x19,0xE3,0x18,
0xE3,0x18,0x20,0x00,0x81,0x10,0xE3,0x18,0xE3,0x18,0xE3,0x18,0xE3,0x18,0xE3,0x18,0x03,0x21,0xA2,0x10,0x00,0x00,0xE3,0x18,0x03,0x21,0xA5,0x19,0xE3,0x18,0xE3,0x18,
0xE3,0x18,0xE3,0x18,0xE3,0x18,0xE3,0x18,0xE3,0x18,0xE3,0x18,0xE3,0x18,0xE3,0x18,0xE3,0x18,0x03,0x21,0x03,0x21,0x03,0x21,0xE3,0x18,0x03,0x21,0xE3,0x18,0xE3,0x18,
0xE3,0x18,0xE3,0x18,0xE3,0x18,0xE3,0x18,0xE3,0x18,0xE3,0x18,0xE3,0x18,0xE3,0x18,0xE3,0x18,0xE3,0x18,0xE3,0x18,0x61,0x08,0x41,0x08,0xE3,0x18,0xE3,0x18,0xE3,0x18,
0xE3,0x18,0x03,0x19,0xE3,0x18,0xC2,0x18,0x40,0x08,0x61,0x08,0xA5,0x19,0xA5,0x19,0xA5,0x19,0xA5,0x19,0xA5,0x19,0xA5,0x19,0xA5,0x19,0xA5,0x19,0xA5,0x19,0xA5,0x19,
0xA5,0x19,0xA5,0x19,0xA5,0x19,0xA5,0x19,0xA5,0x19,0xA5,0x19,0xA5,0x19,0xA5,0x19,0xA5,0x19,0x61,0x08,0x61,0x08,0xE3,0x18,0xE3,0x18,0x03,0x19,0x03,0x19,0x03,0x21,
0x82,0x10,0x41,0x08,0xE3,0x18,0xE3,0x18,0x03,0x19,0x03,0x19,0x03,0x21,0x03,0x21,0x03,0x21,0xA2,0x10,0x00,0x00,0x20,0x00,0x20,0x00,0x00,0x00,0x20,0x00,0x20,0x00,
0x20,0x00,0x20,0x00,0x20,0x00,0x20,0x00,0x20,0x00,0x20,0x00,0x20,0x00,0x20,0x00,0x20,0x00,0x20,0x00,0x61,0x08,0xA2,0x10,0x82,0x10,0xA2,0x10,0xC2,0x18,0xE3,0x18,
0x03,0x21,0xE3,0x18,0xE3,0x18,0xE3,0x18,0xE3,0x18,0xE3,0x18,0xE3,0x18,0xE3,0x18,0xE3,0x18,0xE3,0x18,0xE3,0x18,0xE2,0x18,0x00,0x00,0xC2,0x18,0x03,0x19,0xE3,0x18,
0xE3,0x18,0x03,0x19,0x03,0x21,0x24,0x21,0xA2,0x10,0x41,0x08,0x61,0x08,0xA5,0x19,0xA5,0x19,0xA5,0x19,0xA5,0x19,0xA5,0x19,0xA5,0x19,0xA5,0x19,0xA5,0x19,0xA5,0x19,
0xA5,0x19,0xA5,0x19,0xA5,0x19,0xA5,0x19,0xA5,0x19,0xA5,0x19,0xA5,0x19,0xA5,0x19,0xA5,0x19,0x20,0x00,0x81,0x10,0x03,0x21,0xE3,0x18,0xE3,0x18,0x03,0x19,0x03,0x21,
0x81,0x10,0x41,0x08,0x03,0x21,0xE3,0x18,0xE3,0x18,0x03,0x21,0xC2,0x18,0x20,0x00,0x00,0x00,0x00,0x00,0x61,0x08,0x82,0x10,0x61,0x08,0x61,0x08,0x61,0x08,0x61,0x08,
0x61,0x08,0x61,0x08,0x61,0x08,0x61,0x08,0x81,0x10,0x81,0x10,0x81,0x10,0x81,0x10,0x81,0x08,0x40,0x08,0x00,0x00,0x00,0x00,0x00,0x00,0x00,0x00,0x00,0x00,0x41,0x08,
0x41,0x08,0xC2,0x18,0xE3,0x18,0x03,0x21,0x03,0x21,0xE3,0x18,0xE3,0x18,0xE3,0x18,0xE3,0x18,0xE3,0x18,0xE3,0x18,0xE3,0x18,0x20,0x00,0xA2,0x10,0xE3,0x18,0xE3,0x18,
0xE3,0x18,0xE3,0x18,0x03,0x21,0x03,0x21,0x03,0x21,0x61,0x08,0x20,0x00,0xA5,0x19,0xA5,0x19,0xA5,0x19,0xA5,0x19,0xA5,0x19,0xA5,0x19,0xA5,0x19,0xA5,0x19,0xA5,0x19,
0xA5,0x19,0xA5,0x19,0xA5,0x19,0xA5,0x19,0xA5,0x19,0xA5,0x19,0xA5,0x19,0xA2,0x10,0x00,0x00,0xA2,0x10,0x03,0x21,0xE3,0x18,0xE3,0x18,0xE3,0x18,0xE3,0x18,0x03,0x21,
0xA2,0x10,0x41,0x08,0xE3,0x18,0xE3,0x18,0x82,0x10,0x20,0x00,0x40,0x08,0x82,0x10,0x81,0x10,0x81,0x10,0xC2,0x18,0xE3,0x18,0xE3,0x18,0xE3,0x18,0xE3,0x18,0xE3,0x18,
0xE3,0x18,0xE3,0x18,0xE3,0x18,0xE3,0x18,0xE3,0x18,0xE3,0x18,0xE3,0x18,0xE3,0x18,0xE3,0x18,0xE2,0x18,0xE2,0x18,0xE3,0x18,0xE3,0x18,0xE3,0x18,0x81,0x10,0x20,0x00,
0x20,0x00,0x20,0x00,0x20,0x00,0x20,0x00,0xA2,0x10,0x03,0x21,0xE3,0x18,0xE3,0x18,0xE3,0x18,0xE3,0x18,0xE3,0x18,0x03,0x21,0x82,0x10,0x20,0x00,0xE3,0x18,0xE3,0x18,
0xE3,0x18,0xE3,0x18,0x03,0x19,0xE3,0x18,0xA2,0x10,0xA2,0x10,0x61,0x08,0x00,0x00,0xA2,0x10,0xA5,0x19,0xA5,0x19,0xA5,0x19,0xA5,0x19,0xA5,0x19,0xA5,0x19,0xA5,0x19,
0xA5,0x19,0xA5,0x19,0xA5,0x19,0xA5,0x19,0xA5,0x19,0xA5,0x19,0xA2,0x10,0x20,0x00,0x81,0x10,0x03,0x21,0x03,0x21,0xE3,0x18,0xE3,0x18,0xE3,0x18,0x03,0x21,0x03,0x21,
0x40,0x08,0x00,0x00,0x20,0x00,0x00,0x00,0x20,0x08,0xA2,0x10,0xA2,0x10,0x03,0x21,0xA2,0x10,0x81,0x10,0xE3,0x18,0xA5,0x19,0xE2,0x18,0xE3,0x18,0xE3,0x18,0xE2,0x18,
0xE3,0x18,0xE3,0x18,0xE2,0x18,0xE2,0x18,0xA5,0x19,0xE3,0x18,0xC2,0x18,0x81,0x10,0x81,0x10,0x81,0x10,0xA1,0x10,0xA1,0x10,0x81,0x10,0xC2,0x18,0xE3,0x18,0xE3,0x18,
0xE3,0x18,0x81,0x10,0x61,0x08,0x41,0x08,0x20,0x00,0x20,0x00,0x61,0x08,0xE3,0x18,0x03,0x19,0x03,0x21,0x03,0x19,0x03,0x19,0x82,0x10,0x20,0x00,0xE3,0x18,0xE3,0x18,
0xE3,0x18,0xE3,0x18,0x03,0x19,0xE3,0x18,0xA2,0x10,0xA2,0x10,0x82,0x10,0x41,0x08,0x41,0x08,0xA2,0x10,0xA5,0x19,0xA5,0x19,0xA5,0x19,0xA5,0x19,0xA5,0x19,0xA5,0x19,
0xA5,0x19,0xA5,0x19,0xA5,0x19,0xA5,0x19,0xA5,0x19,0xA5,0x19,0xA2,0x10,0x00,0x00,0xC2,0x18,0x03,0x21,0xE3,0x18,0xE3,0x18,0xE3,0x18,0xE3,0x18,0x82,0x10,0x82,0x10,
0x20,0x00,0x20,0x00,0x20,0x00,0xC2,0x18,0xC2,0x18,0x03,0x19,0x03,0x19,0x03,0x21,0x81,0x10,0x40,0x08,0xE3,0x18,0xA5,0x19,0xE2,0x18,0xE3,0x18,0xE3,0x18,0xE3,0x18,
0xE3,0x18,0xE3,0x18,0xE3,0x18,0xE3,0x18,0xC2,0x18,0xC2,0x18,0x24,0x21,0xE7,0x39,0xC6,0x39,0xC6,0x31,0xC6,0x39,0xC6,0x39,0xC6,0x39,0x04,0x21,0xC2,0x18,0xE2,0x18,
0xE3,0x18,0xE3,0x18,0xE3,0x18,0xE3,0x18,0xA2,0x10,0xA2,0x10,0x40,0x08,0x00,0x00,0x20,0x00,0xA5,0x19,0xE3,0x18,0x03,0x21,0x82,0x10,0x20,0x00,0xE3,0x18,0xE3,0x18,
0xE3,0x18,0xE3,0x18,0x03,0x19,0xE3,0x18,0x82,0x10,0xA2,0x10,0xC2,0x18,0x82,0x10,0x00,0x00,0xA2,0x10,0xA5,0x19,0xA5,0x19,0xA5,0x19,0xA5,0x19,0xA5,0x19,0xA5,0x19,
0xA5,0x19,0xA5,0x19,0xA5,0x19,0xA5,0x19,0xA5,0x19,0xA2,0x10,0x82,0x10,0x41,0x08,0xC2,0x18,0x03,0x19,0x03,0x21,0x03,0x21,0x03,0x21,0xA2,0x10,0x00,0x00,0x20,0x00,
0x03,0x21,0xC2,0x18,0x20,0x00,0xE3,0x18,0xE3,0x18,0xE2,0x18,0xE3,0x18,0x03,0x21,0x81,0x10,0x41,0x08,0xE3,0x18,0xA5,0x19,0xE3,0x18,0xE3,0x18,0xE3,0x18,0xE3,0x18,
0xE3,0x18,0xE3,0x18,0xE3,0x18,0xE3,0x18,0xE2,0x18,0x61,0x08,0xAA,0x52,0xFE,0xFF,0x9C,0xF7,0x7C,0xF7,0x7C,0xF7,0x9C,0xF7,0xFE,0xFF,0x0B,0x63,0x61,0x08,0xE2,0x18,
0xE2,0x18,0xE2,0x18,0xE2,0x18,0xE3,0x18,0x03,0x19,0x03,0x19,0xC2,0x18,0xA2,0x10,0x81,0x10,0x00,0x00,0x20,0x00,0xC2,0x10,0x81,0x08,0x20,0x00,0xE3,0x18,0xE3,0x18,
0xE3,0x18,0xE3,0x18,0x03,0x19,0xE3,0x18,0x82,0x10,0xA2,0x10,0xA2,0x10,0xA2,0x10,0x61,0x08,0x20,0x00,0xA2,0x10,0xA5,0x19,0xA5,0x19,0xA5,0x19,0xA5,0x19,0xA5,0x19,
0xA5,0x19,0xA5,0x19,0xA5,0x19,0xA5,0x19,0xA5,0x19,0x20,0x00,0x41,0x08,0x24,0x21,0x03,0x21,0x03,0x19,0x03,0x21,0x82,0x10,0x20,0x00,0x61,0x08,0xA5,0x19,0xA5,0x19,
0xE3,0x18,0xC2,0x18,0x20,0x00,0xC2,0x18,0xE3,0x18,0xE3,0x18,0xE3,0x18,0x03,0x21,0x81,0x10,0x41,0x08,0xE3,0x18,0xE3,0x18,0xE3,0x18,0xE3,0x18,0xA5,0x19,0xA5,0x19,
0xE3,0x18,0xE3,0x18,0xE3,0x18,0xE3,0x18,0xE3,0x18,0x61,0x08,0xCA,0x5A,0xFE,0xFF,0x9C,0xF7,0x9C,0xF7,0x9C,0xF7,0x9C,0xF7,0xFE,0xFF,0x2C,0x63,0x61,0x08,0xE2,0x18,
0xE2,0x18,0xE2,0x18,0xE3,0x18,0xE3,0x18,0xE3,0x18,0xE3,0x18,0x03,0x19,0x03,0x19,0xE2,0x18,0xE3,0x18,0xA2,0x10,0x00,0x00,0x00,0x00,0x20,0x00,0xA2,0x10,0xE3,0x18,
0x03,0x21,0xE3,0x18,0xE3,0x18,0xA2,0x10,0x82,0x10,0xA2,0x10,0xA2,0x10,0xC2,0x18,0xA2,0x10,0x20,0x00,0x61,0x08,0xA5,0x19,0xA5,0x19,0xA5,0x19,0xA5,0x19,0xA5,0x19,
0xA5,0x19,0xA5,0x19,0xA5,0x19,0xA5,0x19,0xA5,0x19,0x00,0x00,0x20,0x00,0x03,0x21,0x23,0x21,0xC2,0x18,0x20,0x00,0x81,0x10,0x82,0x10,0x41,0x08,0xE3,0x18,0xE3,0x18,
0xE3,0x18,0xA2,0x10,0x20,0x00,0xC2,0x18,0xE3,0x18,0xE3,0x18,0xE3,0x18,0x03,0x21,0x81,0x10,0x61,0x08,0xE3,0x18,0xE3,0x18,0xE3,0x18,0xE3,0x18,0xE3,0x18,0xE3,0x18,
0xE3,0x18,0xE3,0x18,0xE3,0x18,0xE3,0x18,0xE3,0x18,0x61,0x08,0xCA,0x5A,0xFF,0xFF,0xDD,0xF7,0xBC,0xF7,0x9C,0xF7,0xBC,0xF7,0xFE,0xFF,0x4C,0x6B,0x60,0x08,0xE3,0x18,
0xE3,0x18,0xE3,0x18,0xE3,0x18,0xE3,0x18,0xE3,0x18,0xE3,0x18,0xE3,0x18,0xE3,0x18,0xE3,0x18,0xC2,0x18,0xA2,0x10,0xE3,0x18,0x61,0x08,0x00,0x00,0x00,0x00,0x82,0x10,
0x03,0x21,0xE3,0x18,0x03,0x21,0xA2,0x10,0x82,0x10,0xA2,0x10,0xC2,0x18,0xC2,0x18,0xC2,0x18,0xA2,0x10,0x00,0x00,0x81,0x10,0xA5,0x19,0xA5,0x19,0xA5,0x19,0xA5,0x19,
0xA5,0x19,0xA5,0x19,0xA5,0x19,0xA5,0x19,0xA5,0x19,0x00,0x00,0x20,0x00,0x24,0x21,0x81,0x10,0x20,0x00,0xC2,0x18,0x24,0x21,0xA5,0x19,0x41,0x08,0xE3,0x18,0xE3,0x18,
0xE3,0x18,0xA2,0x10,0x00,0x00,0xE2,0x18,0xE3,0x18,0xE3,0x18,0xE3,0x18,0x03,0x21,0x81,0x10,0x61,0x08,0x03,0x21,0xE3,0x18,0xE3,0x18,0xE3,0x18,0xE3,0x18,0xE3,0x18,
0xE3,0x18,0xE3,0x18,0xE3,0x18,0xE3,0x18,0x03,0x19,0xC2,0x10,0xA6,0x31,0x71,0x8C,0x1A,0xE7,0xDD,0xF7,0x9C,0xF7,0xBD,0xF7,0xBD,0xF7,0xA9,0x52,0x81,0x08,0xE3,0x18,
0xE3,0x18,0xE3,0x18,0xE3,0x18,0xE3,0x18,0xE3,0x18,0xE3,0x18,0xE3,0x18,0xE3,0x18,0xE3,0x18,0x81,0x10,0x41,0x08,0xE3,0x18,0xA5,0x19,0xC2,0x18,0x41,0x08,0x00,0x00,
0x00,0x00,0x41,0x08,0xE3,0x18,0xA2,0x10,0xA2,0x10,0xA2,0x10,0xA2,0x10,0xC2,0x18,0xC2,0x18,0xA2,0x10,0x00,0x00,0x82,0x10,0xA5,0x19,0xA5,0x19,0xA5,0x19,0xA5,0x19,
0xA5,0x19,0xA5,0x19,0xA5,0x19,0xA5,0x19,0xA5,0x19,0x20,0x00,0x00,0x00,0x40,0x08,0x81,0x08,0xE3,0x18,0xE3,0x18,0x03,0x21,0xC2,0x18,0x41,0x08,0xE3,0x18,0xE3,0x18,
0xE3,0x18,0xA2,0x10,0x20,0x00,0xE2,0x18,0xE3,0x18,0xE3,0x18,0xE3,0x18,0x03,0x19,0x81,0x08,0x61,0x08,0x04,0x21,0x03,0x19,0x03,0x19,0xE3,0x18,0xE3,0x18,0xE3,0x18,
0xA5,0x19,0xC2,0x18,0xC2,0x18,0xE3,0x18,0xE3,0x18,0x23,0x21,0xE2,0x18,0x61,0x08,0xC6,0x39,0x28,0x42,0x27,0x42,0x28,0x42,0xE7,0x39,0xA5,0x19,0xE2,0x18,0xE3,0x18,
0xE3,0x18,0xE3,0x18,0xE3,0x18,0xE3,0x18,0xE3,0x18,0xE3,0x18,0xE3,0x18,0xE3,0x18,0x03,0x19,0x81,0x10,0x41,0x08,0xE3,0x18,0xC2,0x18,0xE3,0x18,0x41,0x08,0x41,0x08,
0xA2,0x10,0x40,0x08,0x00,0x00,0x41,0x08,0xC2,0x18,0xC2,0x18,0xA2,0x10,0xA2,0x10,0xC2,0x18,0xA2,0x10,0x20,0x00,0x61,0x08,0xA2,0x10,0xA5,0x19,0xA5,0x19,0xA5,0x19,
0xA5,0x19,0xA5,0x19,0xA5,0x19,0xA2,0x10,0x82,0x10,0x40,0x08,0x00,0x00,0x81,0x10,0xE3,0x18,0xE3,0x18,0xE3,0x18,0x03,0x21,0xC2,0x18,0x41,0x08,0xE3,0x18,0xE3,0x18,
0xE3,0x18,0xA2,0x10,0x20,0x00,0xE3,0x18,0xE3,0x18,0x03,0x19,0x03,0x19,0x03,0x21,0x81,0x10,0x41,0x08,0xE3,0x18,0x82,0x10,0x81,0x10,0x41,0x08,0x20,0x00,0x20,0x00,
0x20,0x00,0x00,0x00,0x00,0x00,0x00,0x00,0x20,0x00,0x82,0x10,0x82,0x10,0xA2,0x10,0xC2,0x10,0xA2,0x10,0xA2,0x10,0xA2,0x10,0xC2,0x10,0xE3,0x18,0xE3,0x18,0x03,0x19,
0xE3,0x18,0xE3,0x18,0xE3,0x18,0xE3,0x18,0xE3,0x18,0xE3,0x18,0xE3,0x18,0xE3,0x18,0x03,0x19,0x81,0x10,0x41,0x08,0xE3,0x18,0xA5,0x19,0xE3,0x18,0x40,0x08,0x41,0x08,
0xE3,0x18,0xC2,0x18,0x61,0x08,0x00,0x00,0x61,0x08,0x82,0x10,0xA2,0x10,0xA2,0x10,0xC2,0x10,0xC2,0x18,0xA2,0x10,0x00,0x00,0x20,0x00,0xA5,0x19,0xA5,0x19,0xA5,0x19,
0xA5,0x19,0xA5,0x19,0xA5,0x19,0x41,0x08,0x00,0x00,0xA2,0x10,0xA2,0x10,0x61,0x08,0x03,0x19,0xE3,0x18,0x03,0x19,0x03,0x21,0xA2,0x10,0x41,0x08,0xE3,0x18,0xE3,0x18,
0x03,0x19,0xC2,0x10,0x20,0x00,0x03,0x21,0x03,0x21,0xA2,0x10,0x82,0x10,0xA2,0x10,0x41,0x08,0x00,0x00,0x00,0x00,0x00,0x00,0x00,0x00,0x00,0x00,0x00,0x00,0x00,0x00,
0x00,0x00,0x00,0x00,0x00,0x00,0x00,0x00,0x00,0x00,0x00,0x00,0x00,0x00,0x00,0x00,0x40,0x00,0x40,0x08,0x40,0x00,0x61,0x08,0x82,0x10,0x81,0x10,0x82,0x10,0xA2,0x10,
0x03,0x21,0xE3,0x18,0xE3,0x18,0xE3,0x18,0xE3,0x18,0xE3,0x18,0xE3,0x18,0xE3,0x18,0x03,0x19,0x81,0x10,0x41,0x08,0xE3,0x18,0xA5,0x19,0xE3,0x18,0x41,0x08,0x41,0x08,
0xC2,0x18,0xC2,0x18,0xE3,0x18,0x82,0x10,0x00,0x00,0x00,0x00,0xA2,0x10,0xC2,0x18,0xC2,0x18,0xC2,0x18,0xA2,0x10,0x00,0x00,0x20,0x00,0xA5,0x19,0xA5,0x19,0xA5,0x19,
0xA5,0x19,0xA5,0x19,0xA5,0x19,0x41,0x08,0x41,0x08,0x03,0x21,0x82,0x10,0x40,0x08,0x03,0x19,0xE3,0x18,0xE3,0x18,0x03,0x21,0xA2,0x10,0x41,0x08,0xE3,0x18,0xE3,0x18,
0x03,0x21,0xC2,0x18,0x00,0x00,0xA2,0x10,0xC2,0x18,0x20,0x00,0x00,0x00,0x00,0x00,0x00,0x00,0x00,0x00,0x00,0x00,0x40,0x10,0x20,0x10,0x61,0x20,0x03,0x51,0x04,0x51,
0x24,0x51,0x24,0x59,0x24,0x59,0x44,0x61,0x61,0x28,0x00,0x10,0x20,0x18,0x20,0x10,0x00,0x00,0x00,0x00,0x00,0x00,0x00,0x00,0x00,0x00,0x00,0x00,0x00,0x00,0x00,0x00,
0xA2,0x10,0xA2,0x10,0xA2,0x10,0xA5,0x19,0xE3,0x18,0x03,0x19,0x03,0x19,0xE3,0x18,0x03,0x19,0x81,0x10,0x40,0x08,0xA5,0x19,0xA5,0x19,0xE3,0x18,0x41,0x08,0x41,0x08,
0xC2,0x18,0xC2,0x18,0xA5,0x19,0x81,0x10,0x20,0x00,0x61,0x08,0x00,0x00,0x61,0x08,0xA5,0x19,0xC2,0x18,0xA2,0x10,0x00,0x00,0x40,0x08,0xA5,0x19,0xA5,0x19,0xA5,0x19,
0xA5,0x19,0xA5,0x19,0xA5,0x19,0x41,0x08,0x81,0x10,0x24,0x21,0x82,0x10,0x41,0x08,0x03,0x19,0xE3,0x18,0x03,0x19,0x03,0x21,0xC2,0x18,0x61,0x08,0x03,0x21,0xE3,0x18,
0xE3,0x18,0x82,0x10,0x00,0x00,0x00,0x00,0x00,0x00,0x00,0x00,0x00,0x00,0x20,0x08,0x82,0x30,0x82,0x28,0xE3,0x40,0xE6,0x99,0xC6,0x91,0xC6,0x91,0x06,0xAA,0x07,0xAA,
0x07,0xAA,0x27,0xB2,0x68,0xBA,0x07,0xA2,0x82,0x48,0x00,0x28,0x40,0x30,0x40,0x30,0x40,0x28,0x20,0x28,0x20,0x20,0x61,0x30,0x82,0x30,0x81,0x20,0x81,0x20,0x61,0x18,
0x00,0x00,0x00,0x00,0x00,0x00,0x61,0x08,0xE3,0x18,0xE3,0x18,0xE3,0x18,0x03,0x21,0x03,0x21,0x81,0x10,0x40,0x08,0xA5,0x19,0xA5,0x19,0xE3,0x18,0x41,0x08,0x41,0x08,
0xC2,0x18,0xC2,0x18,0xC2,0x18,0x61,0x08,0x41,0x08,0xA5,0x19,0xA2,0x10,0x40,0x08,0x20,0x00,0x81,0x10,0xC2,0x18,0x00,0x00,0x40,0x08,0xA5,0x19,0xA5,0x19,0xA5,0x19,
0xA5,0x19,0x82,0x10,0x20,0x00,0xA2,0x10,0xE3,0x18,0x23,0x21,0x82,0x10,0x41,0x08,0x03,0x21,0xE3,0x18,0x03,0x19,0x03,0x21,0xC2,0x18,0x61,0x08,0x04,0x21,0xA2,0x10,
0x00,0x00,0x00,0x00,0x00,0x00,0x00,0x00,0x41,0x10,0x61,0x20,0x41,0x18,0xC3,0x40,0x06,0xAA,0xE7,0xA1,0xE6,0xA1,0xC6,0xA1,0xC6,0xA1,0xC6,0xA1,0xC6,0x99,0xC6,0x99,
0xE6,0xA1,0xE6,0xA1,0x04,0x61,0x20,0x28,0x00,0x28,0x20,0x28,0x20,0x28,0x20,0x30,0x20,0x30,0x20,0x30,0x00,0x30,0x85,0x81,0x68,0xB2,0x07,0xA2,0x07,0xA2,0xA5,0x81,
0x61,0x20,0x20,0x10,0x00,0x00,0x00,0x00,0x00,0x00,0x00,0x00,0x81,0x08,0xE3,0x18,0x03,0x21,0x82,0x10,0x41,0x08,0xA5,0x19,0xC2,0x18,0xE3,0x18,0x41,0x08,0x41,0x08,
0xC2,0x18,0xC2,0x18,0xC2,0x18,0x61,0x08,0x40,0x08,0xC2,0x18,0xE3,0x18,0x40,0x08,0x20,0x00,0x20,0x00,0x20,0x00,0x00,0x00,0x20,0x00,0x81,0x10,0xA5,0x19,0xA5,0x19,
0xA5,0x19,0x61,0x08,0x00,0x00,0xC2,0x18,0x03,0x21,0x03,0x21,0x82,0x10,0x41,0x08,0x03,0x21,0xE3,0x18,0x03,0x21,0x03,0x21,0xC2,0x18,0x00,0x00,0x20,0x00,0x20,0x00,
0x00,0x00,0x00,0x00,0x00,0x00,0x00,0x08,0x85,0x81,0xE6,0xA1,0xC6,0x99,0xC6,0x99,0xC6,0x99,0xC6,0x99,0xA6,0x99,0xC6,0x99,0xC6,0x99,0xC6,0xA1,0xC6,0x99,0xC6,0xA1,
0xC5,0x99,0x03,0x69,0x00,0x20,0x00,0x28,0x20,0x28,0x20,0x28,0x20,0x28,0x20,0x28,0x20,0x30,0x20,0x30,0x20,0x30,0xE3,0x58,0x65,0x79,0xE6,0x99,0xC6,0x99,0xC6,0x99,
0xE6,0x99,0xA5,0x89,0x03,0x59,0x81,0x28,0x41,0x10,0x00,0x00,0x00,0x00,0x00,0x00,0x20,0x00,0x00,0x00,0x61,0x08,0xE3,0x18,0xE3,0x18,0xE3,0x18,0x40,0x08,0x41,0x08,
0xC2,0x18,0xA2,0x10,0xC2,0x18,0x61,0x08,0x41,0x08,0xC2,0x18,0xC2,0x18,0x40,0x08,0xA2,0x10,0x82,0x10,0x00,0x00,0x00,0x00,0x00,0x00,0x20,0x00,0xA5,0x19,0xA5,0x19,
0xA5,0x19,0x61,0x08,0x00,0x00,0xA2,0x10,0x03,0x21,0x03,0x21,0x82,0x10,0x40,0x08,0x03,0x21,0x03,0x21,0x23,0x21,0xA2,0x10,0x00,0x00,0x00,0x00,0x00,0x00,0x00,0x00,
0x00,0x00,0xC2,0x38,0xE6,0x91,0xA5,0x89,0xC5,0x99,0xC6,0xA1,0xC6,0xA1,0xC6,0x99,0xC5,0x99,0xC6,0x99,0xE6,0xA1,0xC6,0x99,0xC6,0x99,0xC6,0x99,0xC6,0x99,0xE6,0xA9,
0x65,0x89,0x00,0x20,0x00,0x28,0x20,0x28,0x20,0x28,0x20,0x28,0x20,0x28,0x20,0x28,0x20,0x30,0x20,0x30,0x20,0x30,0x00,0x30,0x00,0x30,0x03,0x69,0xC6,0xA1,0xC6,0x99,
0xC6,0x99,0xE6,0xA1,0x27,0xAA,0xE6,0x99,0x85,0x79,0xA2,0x40,0xA2,0x38,0x20,0x10,0x00,0x00,0x00,0x00,0x20,0x00,0x61,0x08,0x81,0x10,0xE3,0x20,0x41,0x08,0x41,0x08,
0xC2,0x18,0xA2,0x10,0xA5,0x19,0x61,0x08,0x41,0x08,0xA5,0x19,0xC2,0x18,0x40,0x08,0x82,0x10,0xC2,0x18,0x82,0x10,0x00,0x00,0x00,0x00,0x00,0x00,0xA5,0x19,0xA5,0x19,
0xA5,0x19,0x61,0x08,0x00,0x00,0xA2,0x10,0x03,0x21,0x03,0x21,0x82,0x10,0x41,0x08,0x03,0x21,0xE3,0x18,0x81,0x10,0x00,0x00,0x00,0x00,0x00,0x00,0x40,0x10,0x64,0x71,
0x44,0x69,0x85,0x81,0xE6,0xA1,0xC6,0xA1,0xC6,0x99,0xC6,0x99,0xC6,0x99,0xC6,0x99,0xE6,0xA1,0xA5,0x91,0xC2,0x48,0xA5,0x89,0xC6,0xA1,0xC6,0x99,0xC6,0xA1,0xE6,0xA1,
0x24,0x71,0x00,0x28,0x00,0x28,0x00,0x28,0x00,0x28,0x00,0x28,0x00,0x28,0x00,0x28,0x00,0x30,0x00,0x30,0x00,0x30,0x00,0x30,0x00,0x30,0x82,0x50,0x06,0xAA,0xC6,0x99,
0xC6,0x99,0xC5,0x99,0x06,0xAA,0xA2,0x40,0x03,0x61,0x27,0xBA,0x06,0xAA,0x85,0x81,0x03,0x59,0x20,0x08,0x00,0x00,0x00,0x00,0x20,0x00,0x82,0x10,0x20,0x00,0x81,0x10,
0xC2,0x18,0xC2,0x18,0xC2,0x18,0x41,0x08,0x41,0x08,0xC2,0x18,0xC2,0x18,0x40,0x08,0x82,0x10,0xC2,0x18,0x61,0x08,0x40,0x08,0x40,0x08,0x00,0x00,0xA5,0x19,0xA5,0x19,
0xA5,0x19,0x61,0x08,0x00,0x00,0xC2,0x10,0x03,0x21,0x03,0x21,0xA2,0x10,0x40,0x08,0xA2,0x10,0x00,0x00,0x00,0x00,0x00,0x00,0x40,0x10,0xC3,0x48,0x85,0x89,0x06,0xAA,
0xE6,0xA1,0xC6,0xA1,0xC6,0x99,0xC6,0xA1,0xC6,0x99,0xC6,0x99,0xC6,0x99,0xC6,0x99,0xE6,0xA9,0x64,0x71,0x00,0x08,0x85,0x81,0xC6,0xA1,0xC6,0x99,0xE6,0xA1,0x85,0x91,
0x20,0x30,0x00,0x28,0x00,0x28,0x00,0x20,0x00,0x10,0x00,0x10,0x00,0x10,0x00,0x10,0x00,0x10,0x00,0x10,0x00,0x10,0x00,0x18,0x00,0x18,0x82,0x48,0x85,0x89,0xC6,0xA1,
0xC6,0x99,0xC6,0x99,0x06,0xAA,0xA2,0x40,0xC2,0x40,0xC6,0x99,0xE6,0xA1,0x06,0xAA,0x07,0xAA,0x85,0x79,0x03,0x51,0x00,0x00,0x00,0x00,0x00,0x00,0x00,0x00,0x81,0x10,
0xC2,0x18,0xC2,0x18,0xC2,0x18,0x61,0x08,0x41,0x08,0xA5,0x19,0xC2,0x18,0x40,0x08,0x82,0x10,0xC2,0x18,0x40,0x08,0x61,0x08,0x81,0x10,0x40,0x00,0x81,0x10,0xA2,0x10,
0xA5,0x19,0x61,0x08,0x00,0x00,0xC2,0x18,0x03,0x21,0x03,0x21,0xC2,0x10,0x00,0x00,0x00,0x00,0x00,0x00,0x20,0x00,0xC2,0x38,0xC6,0x89,0xE6,0xA1,0xE6,0xA1,0xC6,0x99,
0xC6,0x99,0xC6,0x99,0xC6,0x99,0x85,0x89,0xC6,0x99,0xC6,0x99,0xC6,0x99,0xC6,0xA1,0xC6,0xA1,0x41,0x38,0x00,0x10,0x85,0x89,0xE6,0xA1,0xC6,0x99,0xE6,0xA1,0x85,0x89,
0x00,0x28,0xAA,0x8A,0x8D,0xB3,0x90,0xB4,0xF1,0xB4,0xF1,0xB4,0xF1,0xB4,0x11,0xB5,0x11,0xB5,0xF1,0xB4,0xF1,0xB4,0x12,0xBD,0x4F,0xA4,0x41,0x30,0x61,0x40,0x06,0xAA,
0xC6,0xA1,0xC6,0x99,0x06,0xAA,0xE3,0x58,0x00,0x00,0xE3,0x48,0x06,0xAA,0xC6,0x99,0xC6,0x99,0x06,0xAA,0xE6,0x99,0xC3,0x48,0x00,0x18,0x00,0x00,0x00,0x00,0x00,0x00,
0x20,0x00,0x81,0x10,0x03,0x21,0x61,0x08,0x41,0x08,0xA2,0x10,0xA2,0x10,0x40,0x08,0x81,0x10,0xC2,0x18,0x40,0x08,0x40,0x08,0xC2,0x18,0x81,0x10,0x00,0x00,0x82,0x10,
0xA5,0x19,0x61,0x08,0x00,0x00,0xA2,0x10,0x03,0x21,0x23,0x21,0x61,0x08,0x00,0x00,0x00,0x00,0x61,0x20,0x03,0x51,0x07,0xAA,0xE6,0xA1,0xC6,0x99,0xC6,0x99,0xC6,0x99,
0xC6,0x99,0xE6,0xA1,0x44,0x81,0x20,0x38,0xA5,0x91,0xC6,0xA1,0xC6,0x99,0xE5,0xA1,0xE5,0xA1,0x41,0x30,0x00,0x08,0xA5,0x89,0xC6,0xA1,0xC6,0x99,0xC6,0xA1,0x65,0x89,
0x00,0x28,0xAD,0xB3,0xD4,0xED,0x39,0xFF,0xBB,0xFF,0xBB,0xFF,0x9A,0xFF,0x9A,0xFF,0xBB,0xFF,0xBB,0xFF,0xBB,0xFF,0xFB,0xFF,0xD8,0xEE,0x00,0x28,0x20,0x38,0xA5,0x91,
0xE6,0xA1,0xE6,0xA1,0xC5,0x99,0x40,0x38,0x00,0x00,0xE3,0x48,0x06,0xB2,0xC6,0x99,0xC6,0x99,0xC6,0x99,0x06,0xAA,0xC6,0x99,0x41,0x48,0x82,0x38,0x82,0x30,0x00,0x08,
0x00,0x00,0x20,0x00,0x61,0x08,0x20,0x00,0x61,0x08,0xC2,0x18,0xA2,0x10,0x20,0x00,0x81,0x10,0xA2,0x10,0x20,0x00,0x40,0x08,0xC2,0x10,0x81,0x10,0x00,0x00,0x82,0x10,
0xA5,0x19,0x61,0x08,0x00,0x00,0xC2,0x18,0x23,0x21,0xA2,0x10,0x00,0x00,0x00,0x00,0x20,0x08,0xC6,0x89,0x07,0xAA,0xE6,0xA1,0xE6,0xA1,0xC6,0x99,0xC6,0x99,0xC6,0x99,
0xC6,0x99,0xE6,0xA9,0x03,0x71,0x00,0x30,0xA5,0x91,0xE6,0xA1,0xC6,0x99,0xE6,0xA1,0xE6,0xA1,0x20,0x28,0x00,0x00,0xA5,0x81,0xE6,0xA1,0xC6,0x99,0xE6,0xA1,0x65,0x89,
0x00,0x20,0xCD,0xAB,0x9A,0xFF,0x5A,0xFF,0x39,0xF7,0x59,0xFF,0x59,0xFF,0x39,0xFF,0x59,0xF7,0x59,0xFF,0x59,0xFF,0x7A,0xFF,0xF8,0xEE,0x6F,0x9C,0x85,0x51,0x20,0x40,
0xE6,0x99,0xE6,0xA1,0xA5,0x99,0x20,0x30,0x00,0x00,0xA2,0x30,0xE6,0xA1,0xE6,0xA1,0xC6,0x99,0xC6,0x99,0xE6,0xA1,0x85,0x89,0x61,0x48,0xE6,0x99,0x07,0xAA,0xC3,0x48,
0x20,0x08,0x00,0x00,0x00,0x00,0x00,0x00,0x61,0x08,0xA5,0x19,0xC2,0x18,0x40,0x08,0x82,0x10,0xA2,0x10,0x20,0x00,0x41,0x08,0xA2,0x10,0x61,0x08,0x00,0x00,0x82,0x10,
0xA5,0x19,0x61,0x08,0x00,0x00,0xA2,0x10,0xC2,0x10,0x00,0x00,0x00,0x00,0x82,0x28,0xE6,0x99,0xE6,0xA1,0x06,0xA2,0x64,0x81,0x82,0x50,0xA6,0x91,0xC6,0x99,0xC6,0x99,
0xC5,0x99,0xE6,0xA9,0x04,0x71,0x00,0x38,0x85,0x91,0xE6,0xA1,0xE6,0x99,0x06,0xAA,0x61,0x38,0x24,0x31,0xCE,0x7B,0x61,0x20,0x65,0x81,0xE6,0xA1,0xE6,0xA9,0x85,0x89,
0x00,0x20,0xCD,0xAB,0x7A,0xFF,0x59,0xF7,0x39,0xF7,0x59,0xFF,0x59,0xFF,0x39,0xF7,0x59,0xF7,0x39,0xF7,0x39,0xF7,0x39,0xF7,0x5A,0xFF,0xFE,0xFF,0x2B,0x83,0x00,0x38,
0xC5,0x99,0xE6,0xA1,0xA5,0x99,0x41,0x30,0xA5,0x19,0x41,0x00,0x24,0x59,0x07,0xAA,0xC6,0xA1,0xC6,0x99,0xE6,0xA1,0x85,0x89,0x41,0x48,0xC5,0x91,0xC6,0xA1,0xC6,0x99,
0xC6,0x91,0x61,0x20,0x00,0x00,0x00,0x00,0x00,0x00,0x61,0x08,0x61,0x08,0x00,0x00,0x82,0x10,0xC2,0x18,0x40,0x08,0x41,0x08,0xA2,0x10,0x61,0x08,0x00,0x00,0x82,0x10,
0xA5,0x19,0x61,0x08,0x00,0x00,0x00,0x00,0x00,0x00,0x00,0x00,0x03,0x49,0x06,0xA2,0xE6,0xA1,0xC6,0xA1,0x06,0xAA,0x24,0x79,0x00,0x30,0xA6,0x91,0xE6,0xA1,0xC6,0x99,
0xC6,0x99,0xE6,0xA9,0x23,0x79,0x00,0x38,0xA5,0x91,0xC6,0xA1,0xE6,0xA1,0xC6,0x99,0x00,0x18,0x8D,0x7B,0x7B,0xFF,0x00,0x00,0x44,0x79,0xE6,0xA9,0xE6,0xA1,0x65,0x89,
0x00,0x20,0xED,0xAB,0x7A,0xFF,0x59,0xF7,0x39,0xF7,0x59,0xF7,0x59,0xF7,0x59,0xFF,0x39,0xFF,0x39,0xF7,0x59,0xF7,0x59,0xF7,0x59,0xF7,0xDB,0xFF,0xEA,0x7A,0x00,0x38,
0xC6,0xA1,0xE6,0xA9,0x64,0x91,0xA2,0x38,0x19,0xEF,0xCA,0x62,0x00,0x00,0x44,0x71,0x07,0xB2,0xE6,0x99,0xE6,0xA1,0xA5,0x91,0x41,0x48,0x85,0x89,0xC6,0x99,0xC6,0x99,
0xC6,0x99,0xE6,0xA1,0xA2,0x38,0x00,0x00,0x00,0x00,0x00,0x00,0x00,0x00,0x00,0x00,0x82,0x10,0xA2,0x10,0x40,0x08,0x61,0x08,0xA5,0x19,0x61,0x08,0x00,0x00,0x82,0x10,
0xA5,0x19,0x61,0x08,0x00,0x00,0x00,0x00,0x00,0x00,0xE3,0x40,0xC6,0x91,0xE6,0xA1,0xC6,0x99,0xC6,0x99,0x07,0xAA,0x44,0x79,0x00,0x38,0xA5,0x91,0xC6,0xA1,0xC6,0x99,
0xC6,0xA1,0xA5,0x91,0xC2,0x58,0x20,0x38,0xA5,0x91,0xE6,0xA1,0x27,0xB2,0x00,0x28,0x68,0x52,0xDC,0xFF,0xF8,0xE6,0xC6,0x41,0x40,0x30,0x85,0x91,0x07,0xAA,0x65,0x89,
0x00,0x20,0x0E,0xAC,0x9A,0xFF,0x59,0xFF,0x59,0xF7,0x59,0xF7,0x59,0xF7,0x59,0xFF,0x39,0xF7,0x59,0xFF,0x59,0xF7,0x59,0xFF,0x59,0xF7,0xDB,0xFF,0xC9,0x72,0x00,0x38,
0xE6,0xA1,0xE6,0xA9,0x64,0x91,0x61,0x28,0x39,0xF7,0x15,0xC6,0xEA,0x62,0x00,0x10,0x85,0x89,0x06,0xAA,0xE6,0xA1,0x06,0xA2,0x61,0x40,0x61,0x40,0xC6,0xA1,0xA5,0x99,
0xA6,0x99,0xC6,0xA1,0xA5,0x91,0xA6,0x89,0x20,0x10,0x00,0x00,0x00,0x00,0x00,0x00,0x61,0x08,0xC2,0x18,0x20,0x00,0x61,0x08,0xA5,0x19,0x81,0x10,0x00,0x00,0x82,0x10,
0xA5,0x19,0xA2,0x10,0x40,0x08,0x00,0x00,0x00,0x00,0x65,0x71,0x06,0xAA,0xC6,0x99,0xC6,0x99,0xC6,0x99,0xE6,0xA1,0x03,0x71,0x41,0x40,0xC6,0x99,0xC6,0x99,0xC6,0x99,
0x07,0xAA,0xE3,0x68,0x00,0x20,0x00,0x08,0xA5,0x89,0x27,0xB2,0xE2,0x58,0x03,0x31,0xD4,0xC5,0xBB,0xFF,0x7A,0xFF,0x39,0xF7,0x68,0x52,0xA2,0x50,0xC6,0xA1,0xC6,0x99,
0x00,0x20,0xCD,0x9B,0x7A,0xFF,0x59,0xFF,0x59,0xF7,0x59,0xF7,0x59,0xF7,0x39,0xF7,0x59,0xF7,0x59,0xFF,0x59,0xF7,0x59,0xFF,0x59,0xFF,0xDB,0xFF,0xA9,0x7A,0x00,0x28,
0xA5,0x99,0x06,0xB2,0x03,0x71,0x65,0x41,0xF8,0xEE,0xFC,0xFF,0x76,0xDE,0x65,0x29,0xC2,0x48,0xC5,0x99,0x06,0xAA,0x06,0xAA,0x61,0x48,0x61,0x40,0xE6,0xA9,0xA5,0x99,
0xA5,0x99,0xA6,0x99,0xC6,0xA1,0xE6,0xA1,0x24,0x61,0xE3,0x40,0x00,0x00,0x00,0x00,0x00,0x00,0x41,0x08,0x00,0x00,0x41,0x08,0xC2,0x18,0x81,0x10,0x00,0x00,0x82,0x10,
0xA5,0x19,0xA5,0x19,0xA5,0x19,0x40,0x08,0x00,0x00,0x44,0x69,0xE6,0xA9,0xC6,0x99,0xE6,0xA1,0xE6,0xA9,0x03,0x71,0x00,0x38,0x61,0x48,0xE6,0xA1,0xC6,0xA1,0xC6,0xA1,
0x06,0xAA,0x03,0x71,0x00,0x18,0x00,0x00,0xC2,0x50,0x27,0xB2,0x20,0x38,0x4B,0x73,0xFC,0xFF,0x59,0xFF,0x7A,0xFF,0xBB,0xFF,0x9B,0xFF,0x27,0x62,0xA2,0x58,0x23,0x71,
0x00,0x30,0xC3,0x40,0x59,0xF7,0xDB,0xFF,0x39,0xFF,0x59,0xFF,0x59,0xFF,0x39,0xF7,0x59,0xF7,0x59,0xF7,0x39,0xF7,0x59,0xF7,0x5A,0xFF,0xFD,0xFF,0xCA,0x7A,0x00,0x10,
0x44,0x81,0x64,0x81,0x20,0x20,0xB4,0xC5,0xBB,0xFF,0x59,0xFF,0x9A,0xFF,0x19,0xEF,0xA2,0x18,0x03,0x59,0x07,0xAA,0x06,0xA2,0x82,0x48,0x20,0x38,0x64,0x81,0xC6,0xA1,
0xA5,0x99,0xA6,0x99,0xA6,0x99,0xC6,0x99,0x07,0xAA,0x06,0xAA,0x81,0x30,0x00,0x00,0x00,0x00,0x00,0x00,0x00,0x00,0x61,0x08,0xC2,0x10,0x61,0x08,0x00,0x00,0x82,0x10,
0xA5,0x19,0xA5,0x19,0xA5,0x19,0xA2,0x10,0x00,0x00,0x44,0x71,0x07,0xB2,0xC6,0xA1,0xC6,0x99,0x06,0xAA,0xE3,0x68,0x00,0x30,0x81,0x48,0xE6,0xA1,0xE6,0xA1,0xC6,0x99,
0x44,0x79,0x20,0x30,0x00,0x00,0x8C,0x73,0xC6,0x39,0x61,0x28,0x20,0x10,0x53,0xB5,0xBB,0xFF,0x5A,0xF7,0x5A,0xFF,0x7A,0xFF,0x7B,0xFF,0xDC,0xFF,0x0B,0x8B,0x41,0x50,
0x00,0x38,0x00,0x30,0x69,0x82,0x11,0xC5,0xBA,0xFF,0x59,0xFF,0x59,0xFF,0x59,0xFF,0x39,0xF7,0x39,0xF7,0x59,0xF7,0x7A,0xFF,0xD8,0xEE,0x0A,0x8B,0xCD,0x9B,0x70,0xAC,
0x61,0x48,0x00,0x28,0x4F,0xA4,0xDC,0xFF,0x7A,0xFF,0x7A,0xFF,0x7A,0xFF,0x7A,0xFF,0xF9,0xE6,0x89,0x72,0x20,0x28,0x00,0x30,0x00,0x28,0x00,0x28,0x41,0x40,0xA5,0x99,
0xC6,0xA1,0xA5,0x99,0xA5,0x99,0xC6,0xA1,0xC6,0xA1,0xE6,0xA9,0x65,0x89,0x00,0x30,0x00,0x00,0x00,0x00,0x00,0x00,0x00,0x00,0xA1,0x10,0x61,0x08,0x00,0x00,0x82,0x10,
0xA5,0x19,0xA5,0x19,0xA5,0x19,0xA2,0x10,0x00,0x00,0x24,0x61,0xC5,0x99,0xA2,0x58,0x61,0x50,0x06,0xAA,0x03,0x71,0x00,0x30,0x61,0x48,0x06,0xAA,0xC6,0x99,0x41,0x40,
0x20,0x38,0x00,0x30,0x00,0x00,0xF1,0xAC,0xFE,0xFF,0xA6,0x31,0x00,0x00,0x03,0x21,0x24,0x21,0x24,0x21,0x44,0x29,0x24,0x29,0x24,0x29,0x65,0x29,0x85,0x39,0xE3,0x30,
0x8D,0xA3,0x2B,0x9B,0x00,0x40,0x0A,0x9B,0xDB,0xFF,0x39,0xF7,0x59,0xFF,0x59,0xFF,0x59,0xFF,0x59,0xFF,0x59,0xF7,0x7A,0xFF,0xD8,0xEE,0xC6,0x71,0x32,0xCD,0x57,0xDE,
0x40,0x18,0x00,0x08,0x24,0x29,0xA6,0x39,0x85,0x31,0x85,0x31,0x85,0x31,0x85,0x31,0xC7,0x39,0xA2,0x18,0x00,0x08,0x33,0xB5,0xB0,0xAC,0x00,0x28,0x00,0x28,0x03,0x71,
0xC6,0xA1,0xA6,0x99,0xC6,0xA1,0x65,0x89,0x65,0x89,0xE6,0xA9,0x85,0x89,0x20,0x38,0x41,0x38,0x40,0x20,0x00,0x00,0x00,0x00,0x41,0x08,0x40,0x08,0x20,0x00,0xA2,0x10,
0xA5,0x19,0xA5,0x19,0xA5,0x19,0xA2,0x10,0x20,0x00,0x20,0x00,0x20,0x20,0x20,0x38,0x61,0x48,0x27,0xB2,0x23,0x71,0x00,0x28,0x61,0x48,0x27,0xB2,0xA5,0x91,0x20,0x38,
0x00,0x38,0x00,0x10,0xA6,0x31,0x98,0xDE,0x53,0xAD,0x65,0x29,0x00,0x00,0x00,0x00,0x00,0x00,0x00,0x00,0x00,0x00,0x00,0x00,0x00,0x00,0x00,0x00,0x00,0x00,0x00,0x00,
0x2B,0x7B,0xD8,0xEE,0xB0,0xBC,0x35,0xDE,0x5A,0xFF,0x39,0xF7,0x59,0xFF,0x59,0xFF,0x59,0xFF,0x5A,0xFF,0x59,0xFF,0x59,0xFF,0x59,0xFF,0xFC,0xFF,0x11,0xAD,0x81,0x10,
0x00,0x00,0x00,0x00,0x00,0x00,0x00,0x00,0x00,0x00,0x00,0x00,0x00,0x00,0x00,0x00,0x00,0x00,0x00,0x00,0x00,0x00,0x2F,0x8C,0xD8,0xE6,0xCD,0x93,0x00,0x20,0x00,0x28,
0x03,0x69,0xE6,0xA9,0xE6,0xA1,0x81,0x50,0x03,0x69,0x27,0xB2,0x04,0x71,0x20,0x38,0x41,0x40,0x41,0x40,0x00,0x08,0x00,0x00,0x00,0x00,0x61,0x08,0xA5,0x19,0xA5,0x19,
0xA5,0x19,0xA5,0x19,0xA5,0x19,0xA5,0x19,0x82,0x10,0x20,0x00,0x20,0x20,0x20,0x40,0x21,0x40,0xE3,0x68,0x61,0x48,0x00,0x38,0x61,0x48,0x65,0x89,0x61,0x48,0x20,0x38,
0x20,0x40,0x00,0x00,0x0B,0x63,0xFC,0xFF,0x81,0x10,0x41,0x08,0xE7,0x39,0xC6,0x39,0xC6,0x39,0x27,0x4A,0x28,0x4A,0x28,0x4A,0x27,0x4A,0x27,0x42,0x07,0x42,0x07,0x42,
0x48,0x52,0x18,0xEF,0xFC,0xFF,0x7A,0xFF,0x39,0xF7,0x59,0xF7,0x59,0xF7,0x59,0xF7,0x59,0xFF,0x59,0xFF,0x5A,0xFF,0x5A,0xFF,0x5A,0xFF,0xFC,0xFF,0x88,0x52,0x00,0x00,
0x00,0x00,0x61,0x08,0x28,0x4A,0x28,0x4A,0x07,0x42,0x07,0x42,0x07,0x42,0xE7,0x41,0x07,0x42,0x07,0x42,0x07,0x42,0x00,0x00,0x11,0xAD,0x94,0xCD,0x00,0x00,0x00,0x00,
0xC2,0x58,0xA6,0x99,0xE6,0xA9,0x82,0x58,0xC2,0x58,0x04,0x69,0x00,0x30,0x20,0x38,0x21,0x40,0x41,0x40,0x00,0x10,0x00,0x00,0x00,0x00,0x61,0x08,0xA5,0x19,0xA5,0x19,
0xA5,0x19,0xA5,0x19,0xA5,0x19,0xA5,0x19,0xA5,0x19,0x20,0x00,0x20,0x08,0x20,0x28,0x20,0x40,0x00,0x30,0x00,0x38,0x20,0x40,0x00,0x38,0x00,0x38,0x20,0x38,0x20,0x40,
0x21,0x40,0x00,0x00,0xA9,0x5A,0xBB,0xFF,0x52,0xB5,0x15,0xCE,0xBB,0xFF,0x9A,0xFF,0x9A,0xFF,0xBB,0xFF,0xBB,0xFF,0xDB,0xFF,0xDB,0xFF,0xBB,0xFF,0xBB,0xFF,0xBB,0xFF,
0xBB,0xFF,0x5A,0xFF,0x59,0xF7,0x59,0xF7,0x5A,0xFF,0x59,0xF7,0x59,0xF7,0x5A,0xFF,0x5A,0xFF,0x5A,0xFF,0x5A,0xFF,0x59,0xFF,0x59,0xFF,0x7A,0xFF,0xB7,0xE6,0x15,0xCE,
0x15,0xCE,0x76,0xDE,0xBB,0xFF,0xDB,0xFF,0xBB,0xFF,0xBB,0xFF,0xBB,0xFF,0x9B,0xFF,0x9B,0xFF,0xBB,0xFF,0x9B,0xFF,0x52,0xB5,0xB7,0xDE,0xF5,0xD5,0xE3,0x20,0x00,0x00,
0x20,0x30,0xC3,0x60,0x27,0xAA,0xC2,0x58,0x00,0x30,0x00,0x30,0x20,0x38,0x20,0x38,0x21,0x40,0x21,0x38,0x00,0x08,0x20,0x00,0x82,0x10,0xA2,0x10,0xA5,0x19,0xA5,0x19,
0xA5,0x19,0xA5,0x19,0xA5,0x19,0xA5,0x19,0xA5,0x19,0xA2,0x10,0x20,0x00,0x20,0x10,0x21,0x48,0x20,0x38,0x00,0x38,0x20,0x38,0x20,0x38,0x20,0x38,0x20,0x40,0x20,0x40,
0x21,0x40,0x00,0x00,0xA9,0x5A,0xBA,0xFF,0x9A,0xFF,0x9A,0xFF,0x39,0xF7,0x59,0xF7,0xDB,0xFF,0xDC,0xFF,0xFC,0xFF,0xFC,0xFF,0xFC,0xFF,0xFC,0xFF,0xDB,0xFF,0x59,0xFF,
0x5A,0xFF,0x59,0xF7,0x59,0xF7,0x59,0xF7,0x5A,0xFF,0x59,0xF7,0x5A,0xFF,0x59,0xFF,0x59,0xF7,0x59,0xF7,0x5A,0xFF,0x5A,0xFF,0x59,0xF7,0x59,0xF7,0x9A,0xFF,0xBB,0xFF,
0xBA,0xFF,0xBB,0xFF,0xDC,0xFF,0xDC,0xFF,0xFC,0xFF,0xDC,0xFF,0xDB,0xFF,0xDC,0xFF,0xBB,0xFF,0x39,0xFF,0x39,0xF7,0x9A,0xFF,0x59,0xFF,0xFC,0xFF,0xEA,0x62,0x00,0x00,
0x20,0x38,0x41,0x48,0x81,0x48,0x41,0x40,0x20,0x38,0x20,0x38,0x20,0x40,0x20,0x40,0x21,0x40,0x00,0x18,0x00,0x00,0x20,0x00,0xA5,0x19,0xA5,0x19,0xA5,0x19,0xA5,0x19,
0xA5,0x19,0xA5,0x19,0xA5,0x19,0xA5,0x19,0xA5,0x19,0xA5,0x19,0x82,0x10,0x20,0x08,0x41,0x28,0x40,0x40,0x20,0x40,0x21,0x40,0x21,0x40,0x20,0x40,0x20,0x40,0x20,0x48,
0x20,0x38,0x00,0x00,0xA9,0x5A,0xDB,0xFF,0x38,0xF7,0x39,0xF7,0x9A,0xFF,0xDC,0xFF,0x70,0x94,0xCD,0x7B,0x0E,0x84,0x0E,0x84,0x2E,0x84,0xEE,0x83,0x32,0xAD,0xDC,0xFF,
0x5A,0xFF,0x59,0xF7,0x59,0xF7,0x5A,0xFF,0x59,0xF7,0x59,0xF7,0x59,0xF7,0x59,0xF7,0x59,0xF7,0x5A,0xFF,0x5A,0xFF,0x5A,0xFF,0x59,0xF7,0x59,0xF7,0x59,0xF7,0x59,0xF7,
0xBB,0xFF,0x39,0xF7,0x2F,0x8C,0x0E,0x8C,0x0E,0x8C,0x0E,0x8C,0x0E,0x8C,0xED,0x83,0x12,0xAD,0xDB,0xFF,0x7A,0xFF,0x59,0xFF,0x39,0xF7,0x9A,0xFF,0xD1,0xA4,0x68,0x52,
0x20,0x10,0x00,0x30,0x20,0x38,0x41,0x38,0x41,0x40,0x21,0x38,0x20,0x38,0x20,0x38,0x20,0x38,0x00,0x10,0x41,0x00,0x82,0x10,0xA5,0x19,0xA5,0x19,0xA5,0x19,0xA5,0x19,
0xA5,0x19,0xA5,0x19,0xA5,0x19,0xA5,0x19,0xA5,0x19,0xA5,0x19,0xA5,0x19,0x00,0x00,0x00,0x00,0x00,0x08,0x00,0x08,0x00,0x10,0x00,0x18,0x41,0x40,0x21,0x48,0x00,0x28,
0xA2,0x18,0x73,0xB5,0x76,0xDE,0x59,0xF7,0x79,0xFF,0x9A,0xFF,0x73,0xB5,0xAA,0x5A,0x20,0x00,0x00,0x00,0x00,0x00,0x00,0x00,0x00,0x00,0x00,0x00,0x41,0x08,0x74,0xB5,
0x9B,0xFF,0x5A,0xFF,0x59,0xF7,0x59,0xF7,0x59,0xF7,0x59,0xF7,0x5A,0xFF,0x59,0xF7,0x59,0xF7,0x59,0xF7,0x59,0xF7,0x59,0xF7,0x59,0xF7,0x5A,0xFF,0x5A,0xFF,0x7A,0xFF,
0x19,0xEF,0xCA,0x5A,0x00,0x00,0x00,0x00,0x00,0x00,0x00,0x00,0x00,0x00,0x00,0x00,0x41,0x08,0xC6,0x39,0x15,0xCE,0x39,0xF7,0x59,0xFF,0x39,0xF7,0xDB,0xFF,0x97,0xDE,
0x20,0x00,0x00,0x28,0x21,0x40,0x41,0x40,0x00,0x08,0x00,0x00,0x00,0x00,0x00,0x00,0x00,0x00,0x00,0x00,0x82,0x10,0xA5,0x19,0xA5,0x19,0xA5,0x19,0xA5,0x19,0xA5,0x19,
0xA5,0x19,0xA5,0x19,0xA5,0x19,0xA5,0x19,0xA5,0x19,0xA5,0x19,0x82,0x10,0x00,0x00,0x44,0x29,0xE6,0x39,0xE7,0x39,0x44,0x21,0x82,0x08,0x20,0x08,0x41,0x38,0x00,0x20,
0xA2,0x10,0x39,0xF7,0xBA,0xFF,0x59,0xFF,0x7A,0xF7,0x2B,0x63,0x41,0x08,0x00,0x00,0x00,0x00,0x00,0x00,0x00,0x00,0x00,0x00,0x00,0x00,0x00,0x00,0x00,0x00,0x00,0x00,
0x36,0xCE,0xBB,0xFF,0x59,0xF7,0x5A,0xFF,0x59,0xF7,0x59,0xFF,0x5A,0xFF,0x59,0xF7,0x59,0xF7,0x59,0xF7,0x59,0xF7,0x59,0xF7,0x59,0xF7,0x5A,0xFF,0x9A,0xFF,0x19,0xEF,
0x44,0x29,0x00,0x00,0x00,0x00,0x00,0x00,0x00,0x00,0x00,0x00,0x00,0x00,0x00,0x00,0x00,0x00,0x00,0x00,0x81,0x10,0xEA,0x62,0x9A,0xF7,0x39,0xF7,0x7A,0xFF,0x35,0xD6,
0x20,0x00,0x20,0x30,0x41,0x40,0x20,0x18,0x03,0x21,0xAD,0x73,0xD4,0xBD,0xB4,0xBD,0x70,0x94,0x00,0x00,0x40,0x08,0xA2,0x10,0xA5,0x19,0xA5,0x19,0xA5,0x19,0xA5,0x19,
0xA5,0x19,0xA5,0x19,0xA5,0x19,0xA5,0x19,0xA5,0x19,0xA2,0x10,0x00,0x00,0x40,0x00,0x56,0xD6,0xFB,0xFF,0xBB,0xFF,0xDC,0xFF,0xB0,0x9C,0x00,0x00,0x20,0x10,0x00,0x08,
0xA2,0x10,0xD7,0xEE,0x59,0xFF,0x7A,0xF7,0xA9,0x52,0x00,0x00,0x00,0x00,0x00,0x00,0x00,0x00,0x00,0x00,0x00,0x00,0x00,0x00,0x00,0x00,0x00,0x00,0x00,0x00,0x00,0x00,
0x65,0x31,0xD8,0xE6,0x9A,0xFF,0x5A,0xFF,0x59,0xFF,0x59,0xF7,0x59,0xF7,0x59,0xF7,0x59,0xF7,0x59,0xF7,0x5A,0xFF,0x59,0xF7,0x59,0xF7,0x7A,0xFF,0x5A,0xFF,0xE6,0x41,
0x00,0x00,0x00,0x00,0x00,0x00,0x61,0x08,0x61,0x08,0x00,0x00,0x00,0x00,0x00,0x00,0x00,0x00,0x00,0x00,0x00,0x00,0x20,0x00,0x28,0x4A,0xDB,0xFF,0x9B,0xFF,0x15,0xCE,
0x20,0x00,0x20,0x30,0x41,0x48,0x00,0x00,0x6C,0x6B,0xFD,0xFF,0xBA,0xFF,0xDB,0xFF,0x59,0xF7,0xD1,0x9C,0x00,0x00,0x41,0x08,0xE3,0x18,0xA5,0x19,0xA5,0x19,0xA5,0x19,
0xA5,0x19,0xA5,0x19,0xA5,0x19,0xA5,0x19,0xA5,0x19,0x61,0x08,0x61,0x08,0xD5,0xC5,0x59,0xF7,0x59,0xFF,0x7A,0xFF,0xDB,0xFF,0x3A,0xE7,0xAA,0x52,0x00,0x00,0x00,0x00,
0xA2,0x10,0x18,0xF7,0x35,0xD6,0xE3,0x18,0x00,0x00,0x00,0x00,0x85,0x31,0x71,0x8C,0xE3,0x20,0x00,0x00,0x00,0x00,0xA5,0x19,0x99,0xCE,0x58,0xC6,0x82,0x10,0x00,0x00,
0x41,0x08,0x77,0xDE,0x9A,0xFF,0x59,0xFF,0x59,0xFF,0x59,0xF7,0x59,0xF7,0x5A,0xFF,0x59,0xF7,0x5A,0xFF,0x5A,0xFF,0x59,0xF7,0x59,0xF7,0x7A,0xFF,0x5A,0xF7,0xC6,0x39,
0x61,0x08,0x00,0x00,0x00,0x00,0xF7,0xC5,0x3C,0xEF,0xE3,0x18,0x00,0x00,0x00,0x00,0x82,0x10,0x8D,0x73,0x82,0x10,0x00,0x00,0x41,0x08,0x4B,0x6B,0x19,0xEF,0x36,0xD6,
0x20,0x00,0x00,0x18,0x20,0x18,0x48,0x4A,0x36,0xBE,0xDB,0xFF,0x7A,0xF7,0x39,0xF7,0x59,0xFF,0xBB,0xFF,0xB0,0x9C,0x24,0x21,0x41,0x08,0xA5,0x19,0xA5,0x19,0xA5,0x19,
0xA5,0x19,0xA5,0x19,0xA5,0x19,0xA5,0x19,0x81,0x10,0x00,0x00,0x4F,0x8C,0xBB,0xFF,0x39,0xFF,0x59,0xF7,0x35,0xEE,0xF4,0xED,0xB7,0xF6,0xB0,0xBC,0x82,0x18,0x00,0x00,
0xA2,0x10,0x18,0xF7,0xF4,0xCD,0x00,0x00,0x00,0x00,0x24,0x21,0x53,0xB5,0xFE,0xFF,0x65,0x29,0x00,0x00,0x00,0x00,0x03,0x21,0xFF,0xFF,0xFF,0xFF,0xA2,0x10,0x00,0x00,
0xD1,0xA4,0xBB,0xFF,0x59,0xFF,0x39,0xF7,0x59,0xF7,0x5A,0xFF,0x59,0xF7,0x5A,0xFF,0x5A,0xFF,0x59,0xF7,0x5A,0xFF,0x5A,0xFF,0x59,0xFF,0x5A,0xFF,0x5A,0xF7,0xDC,0xFF,
0x6C,0x73,0x00,0x00,0x00,0x00,0x1B,0xE7,0xFF,0xFF,0x04,0x21,0x00,0x00,0x00,0x00,0x24,0x21,0xFC,0xFF,0xAD,0x7B,0x61,0x08,0x00,0x00,0x00,0x00,0xB7,0xE6,0x56,0xDE,
0x00,0x00,0x00,0x00,0x00,0x00,0xAC,0x93,0x14,0xF6,0x31,0xDD,0x51,0xDD,0x18,0xF7,0x59,0xF7,0x39,0xF7,0xFC,0xFF,0x27,0x42,0x00,0x00,0xA5,0x19,0xA5,0x19,0xA5,0x19,
0xA5,0x19,0xA5,0x19,0xA5,0x19,0xA5,0x19,0x61,0x08,0x00,0x00,0x15,0xCE,0x9A,0xFF,0x59,0xF7,0x76,0xEE,0xEC,0xD3,0xAC,0xDB,0xAB,0xDB,0x4E,0xF4,0x85,0x51,0x00,0x00,
0xA2,0x10,0xD8,0xEE,0xB7,0xE6,0x2B,0x6B,0x00,0x00,0x8C,0x73,0xFC,0xFF,0x39,0xF7,0x44,0x29,0x00,0x00,0x00,0x00,0x61,0x08,0xCB,0x5A,0xAA,0x52,0x40,0x08,0x00,0x00,
0x52,0xB5,0xDB,0xFF,0x59,0xFF,0x59,0xFF,0x59,0xF7,0x59,0xF7,0x5A,0xFF,0x5A,0xFF,0x5A,0xFF,0x5A,0xFF,0x5A,0xFF,0x5A,0xFF,0x5A,0xFF,0x5A,0xFF,0x5A,0xF7,0xFD,0xFF,
0x6C,0x73,0x00,0x00,0x00,0x00,0x08,0x42,0x69,0x4A,0x41,0x08,0x00,0x00,0x00,0x00,0xE3,0x20,0x18,0xF7,0xFB,0xFF,0x44,0x29,0x00,0x00,0xE6,0x41,0x19,0xEF,0x56,0xD6,
0x00,0x00,0x00,0x00,0xA2,0x18,0xA8,0x9A,0xAB,0xE3,0x6B,0xD3,0x8B,0xD3,0x72,0xE5,0x18,0xF7,0x39,0xF7,0x9A,0xFF,0xE7,0x41,0x20,0x00,0xA5,0x19,0xA5,0x19,0xA5,0x19,
0xA5,0x19,0xA5,0x19,0xA5,0x19,0xA5,0x19,0x61,0x10,0x00,0x00,0xD4,0xC5,0x9A,0xFF,0x7A,0xF7,0x72,0xE5,0xAB,0xDB,0xED,0xDB,0xED,0xDB,0x0D,0xE4,0xAC,0xCB,0xA2,0x28,
0x61,0x08,0x97,0xE6,0xBA,0xFF,0xDB,0xFF,0x23,0x21,0xAD,0x7B,0xFB,0xFF,0x5A,0xF7,0x44,0x29,0x00,0x00,0x00,0x00,0x00,0x00,0x00,0x00,0x00,0x00,0x00,0x00,0x00,0x00,
0x12,0xAD,0xDB,0xFF,0x59,0xFF,0x59,0xF7,0x59,0xF7,0x59,0xF7,0x59,0xF7,0x5A,0xFF,0x5A,0xFF,0x5A,0xFF,0x59,0xF7,0x5A,0xFF,0x5A,0xFF,0x5A,0xFF,0x5A,0xF7,0xFC,0xFF,
0x6C,0x73,0x00,0x00,0x00,0x00,0x00,0x00,0x00,0x00,0x00,0x00,0x00,0x00,0x00,0x00,0xE3,0x20,0x18,0xF7,0x7A,0xFF,0x4B,0x6B,0x4B,0x6B,0x9B,0xFF,0x9B,0xFF,0x56,0xD6,
0x00,0x00,0x41,0x10,0xED,0xD3,0xED,0xE3,0xCC,0xDB,0xCC,0xDB,0xCC,0xDB,0xCC,0xDB,0xB6,0xEE,0x59,0xFF,0x9A,0xFF,0x06,0x42,0x20,0x00,0xA5,0x19,0xA5,0x19,0xA5,0x19,
0xA5,0x19,0xA5,0x19,0xA5,0x19,0xA5,0x19,0x61,0x08,0x00,0x00,0xB4,0xBD,0x9A,0xFF,0x7A,0xF7,0x72,0xE5,0xAB,0xDB,0xED,0xDB,0xEC,0xDB,0xED,0xE3,0x4E,0xF4,0x04,0x41,
0x41,0x00,0x97,0xE6,0x7A,0xFF,0x59,0xF7,0x18,0xEF,0x39,0xF7,0x7A,0xFF,0x5A,0xF7,0x44,0x29,0x00,0x00,0x00,0x00,0x00,0x00,0x00,0x00,0x00,0x00,0x00,0x00,0x00,0x00,
0x32,0xAD,0xDB,0xFF,0x59,0xF7,0x59,0xF7,0x59,0xF7,0x59,0xF7,0x59,0xF7,0x59,0xF7,0x5A,0xFF,0x5A,0xFF,0x59,0xF7,0x5A,0xFF,0x5A,0xFF,0x5A,0xFF,0x5A,0xFF,0xFC,0xFF,
0x6C,0x73,0x00,0x00,0x00,0x00,0x00,0x00,0x00,0x00,0x00,0x00,0x00,0x00,0x00,0x00,0xE3,0x20,0xF8,0xEE,0x59,0xF7,0x9B,0xFF,0x9B,0xFF,0x59,0xF7,0x7A,0xFF,0x36,0xD6,
0x00,0x00,0x61,0x18,0xCC,0xDB,0xED,0xE3,0xCC,0xDB,0xCC,0xDB,0xCC,0xDB,0x0D,0xD4,0xB7,0xF6,0x39,0xFF,0x7A,0xFF,0xE6,0x39,0x20,0x00,0xA5,0x19,0xA5,0x19,0xA5,0x19,
0xA5,0x19,0xA5,0x19,0xA5,0x19,0xA5,0x19,0x61,0x08,0x00,0x00,0xB4,0xBD,0x9A,0xFF,0x59,0xF7,0xD7,0xEE,0x0D,0xDC,0xAC,0xDB,0xEC,0xDB,0xCC,0xDB,0x0D,0xE4,0x4B,0xBB,
0x82,0x18,0x76,0xDE,0x7A,0xFF,0x39,0xF7,0x7A,0xFF,0x7A,0xFF,0x7A,0xFF,0x59,0xF7,0xC2,0x18,0x00,0x00,0x00,0x00,0x00,0x00,0x00,0x00,0x00,0x00,0x00,0x00,0x00,0x00,
0x12,0xAD,0xDB,0xFF,0x59,0xF7,0x59,0xF7,0x59,0xF7,0x59,0xF7,0x59,0xF7,0x59,0xF7,0x59,0xF7,0x59,0xF7,0x5A,0xFF,0x5A,0xFF,0x59,0xF7,0x59,0xF7,0x5A,0xFF,0xFC,0xFF,
0x2B,0x6B,0x00,0x00,0x00,0x00,0x00,0x00,0x00,0x00,0x00,0x00,0x00,0x00,0x00,0x00,0xA2,0x10,0x19,0xF7,0x59,0xFF,0x39,0xF7,0x59,0xF7,0x39,0xF7,0x7A,0xFF,0x16,0xCE,
0x20,0x08,0x0A,0xA3,0xED,0xE3,0xCC,0xDB,0xCC,0xDB,0xAC,0xDB,0x8B,0xD3,0x35,0xE6,0x38,0xF7,0x39,0xFF,0x7A,0xFF,0xE6,0x39,0x20,0x00,0xA5,0x19,0xA5,0x19,0xA5,0x19,
0xA5,0x19,0xA5,0x19,0xA5,0x19,0xA5,0x19,0x61,0x08,0x00,0x00,0xB4,0xC5,0xBA,0xFF,0x39,0xF7,0x7A,0xFF,0x14,0xE6,0x2D,0xDC,0xAC,0xDB,0xED,0xDB,0xEC,0xE3,0xCC,0xDB,
0x47,0x82,0x36,0xE6,0x7A,0xFF,0x39,0xF7,0x39,0xF7,0x59,0xF7,0x7A,0xFF,0x7A,0xFF,0x4C,0x6B,0x00,0x00,0x00,0x00,0x00,0x00,0x00,0x00,0x00,0x00,0x00,0x00,0x00,0x00,
0xF5,0xCD,0xBB,0xFF,0x59,0xFF,0x5A,0xFF,0x59,0xF7,0x59,0xF7,0x59,0xFF,0x39,0xFF,0x39,0xF7,0x59,0xF7,0x59,0xF7,0x59,0xF7,0x59,0xF7,0x59,0xF7,0x59,0xFF,0xDC,0xFF,
0x4F,0x8C,0x00,0x00,0x00,0x00,0x00,0x00,0x00,0x00,0x00,0x00,0x00,0x00,0x00,0x00,0x2B,0x6B,0x7A,0xFF,0x59,0xF7,0x39,0xF7,0x39,0xF7,0x39,0xF7,0x9A,0xFF,0x36,0xD6,
0x06,0x7A,0xEC,0xDB,0xCC,0xDB,0xCC,0xDB,0xAC,0xDB,0x0D,0xDC,0x93,0xE5,0x18,0xF7,0x39,0xF7,0x39,0xFF,0x9A,0xFF,0xE6,0x41,0x20,0x00,0xA5,0x19,0xA5,0x19,0xA5,0x19,
0xA5,0x19,0xA5,0x19,0xA5,0x19,0xA5,0x19,0x81,0x10,0x00,0x00,0xB4,0xBD,0xBB,0xFF,0x39,0xF7,0x39,0xF7,0xBA,0xFF,0xB3,0xE5,0x0D,0xDC,0xAC,0xDB,0xAC,0xDB,0xCC,0xE3,
0xAC,0xE3,0x56,0xEE,0x9A,0xFF,0x39,0xF7,0x59,0xF7,0x59,0xF7,0x39,0xF7,0x7A,0xFF,0x7B,0xF7,0x44,0x29,0x00,0x00,0x00,0x00,0x00,0x00,0x00,0x00,0x61,0x08,0x07,0x42,
0x19,0xF7,0x5A,0xFF,0x39,0xF7,0x59,0xF7,0x59,0xF7,0x59,0xFF,0x59,0xFF,0x39,0xFF,0x39,0xF7,0x59,0xFF,0x39,0xF7,0x59,0xF7,0x5A,0xFF,0x5A,0xFF,0x59,0xFF,0x9A,0xFF,
0x19,0xEF,0x85,0x31,0x00,0x00,0x00,0x00,0x00,0x00,0x00,0x00,0x00,0x00,0xA2,0x10,0xB7,0xE6,0x9A,0xFF,0x39,0xF7,0x18,0xF7,0x39,0xF7,0x39,0xF7,0x7A,0xFF,0x76,0xE6,
0x2A,0xBB,0xCC,0xDB,0xAC,0xDB,0xAC,0xDB,0xEC,0xDB,0x31,0xDD,0x79,0xF7,0x39,0xF7,0x38,0xF7,0x39,0xF7,0x5A,0xF7,0xE6,0x41,0x20,0x00,0xA5,0x19,0xA5,0x19,0xA5,0x19,
0xA5,0x19,0xA5,0x19,0xA5,0x19,0xA5,0x19,0xA2,0x10,0xA2,0x10,0xE3,0x20,0x4F,0x8C,0xFC,0xFF,0x59,0xFF,0x59,0xF7,0x9A,0xFF,0x14,0xE6,0x0D,0xDC,0x4E,0xDC,0x4E,0xDC,
0xCC,0xD3,0x32,0xCD,0x59,0xF7,0x7A,0xFF,0x96,0xF6,0xD3,0xED,0xF4,0xF5,0xF4,0xED,0x39,0xFF,0x57,0xCE,0xC2,0x18,0x82,0x10,0x82,0x10,0x82,0x10,0xEE,0x83,0xFC,0xFF,
0x5A,0xFF,0x59,0xF7,0x59,0xF7,0x59,0xF7,0x59,0xF7,0x59,0xF7,0x59,0xFF,0x39,0xF7,0x39,0xF7,0x59,0xFF,0x59,0xFF,0x59,0xF7,0x59,0xF7,0x5A,0xFF,0x59,0xFF,0x5A,0xFF,
0x7A,0xFF,0x39,0xF7,0xA6,0x31,0xC2,0x18,0xA5,0x19,0xC2,0x18,0xA5,0x39,0xD8,0xE6,0xB7,0xF6,0xD3,0xF5,0xD3,0xF5,0xD3,0xED,0x18,0xF7,0x59,0xF7,0x7A,0xF7,0xD8,0xEE,
0x0D,0xD4,0x0D,0xDC,0x0D,0xDC,0xEC,0xDB,0x52,0xE5,0x59,0xF7,0x38,0xF7,0x39,0xF7,0xFB,0xFF,0xF5,0xCD,0xE3,0x18,0xA2,0x10,0xA2,0x10,0xA5,0x19,0xA5,0x19,0xA5,0x19,
0xA5,0x19,0xA5,0x19,0xA5,0x19,0xA5,0x19,0xA5,0x19,0xA5,0x19,0x00,0x00,0x48,0x4A,0x16,0xC6,0x39,0xF7,0x79,0xFF,0x39,0xF7,0x39,0xF7,0x39,0xF7,0x39,0xF7,0x7A,0xFF,
0x35,0xDE,0xC2,0x58,0xB3,0xCD,0xBB,0xFF,0x55,0xF6,0x72,0xF5,0xB2,0xF5,0x92,0xF5,0xF4,0xF5,0x15,0xF6,0x35,0xE6,0x77,0xE6,0xD8,0xEE,0xF8,0xE6,0x39,0xF7,0x7A,0xFF,
0x59,0xFF,0x59,0xF7,0x59,0xF7,0x5A,0xFF,0x59,0xF7,0x59,0xF7,0x59,0xF7,0x59,0xFF,0x59,0xFF,0x59,0xF7,0x59,0xF7,0x5A,0xF7,0x5A,0xFF,0x5A,0xFF,0x5A,0xFF,0x7A,0xFF,
0x5A,0xFF,0x5A,0xFF,0x39,0xF7,0xD8,0xEE,0x76,0xEE,0x76,0xEE,0x14,0xF6,0x14,0xFE,0xD3,0xF5,0x92,0xF5,0x92,0xF5,0xB2,0xED,0xF8,0xF6,0x9A,0xFF,0x56,0xDE,0xA5,0x69,
0x93,0xCD,0x59,0xFF,0xF7,0xF6,0xF8,0xF6,0x38,0xF7,0x38,0xF7,0x59,0xFF,0x59,0xFF,0x77,0xD6,0x6F,0x94,0x00,0x00,0x82,0x10,0xA5,0x19,0xA5,0x19,0xA5,0x19,0xA5,0x19,
0xA5,0x19,0xA5,0x19,0xA5,0x19,0xA5,0x19,0xA5,0x19,0xA5,0x19,0xA5,0x19,0x40,0x08,0x00,0x00,0x56,0xD6,0x9A,0xFF,0x39,0xF7,0x59,0xF7,0x59,0xF7,0x59,0xFF,0x9A,0xFF,
0x35,0xDE,0xA2,0x58,0x93,0xCD,0xBB,0xFF,0x75,0xF6,0x92,0xF5,0xB3,0xF5,0xB3,0xF5,0xB2,0xF5,0x92,0xF5,0xD3,0xF5,0xD3,0xFD,0x39,0xFF,0x9A,0xFF,0x5A,0xFF,0x59,0xFF,
0x59,0xFF,0x59,0xFF,0x5A,0xFF,0x5A,0xFF,0x59,0xFF,0x59,0xF7,0x59,0xF7,0x59,0xF7,0x59,0xFF,0x59,0xFF,0x59,0xF7,0x5A,0xFF,0x5A,0xFF,0x5A,0xFF,0x5A,0xFF,0x5A,0xFF,
0x5A,0xFF,0x59,0xFF,0x9A,0xFF,0x18,0xFF,0xD3,0xFD,0xD3,0xFD,0xD3,0xFD,0xB3,0xF5,0x92,0xF5,0xB2,0xF5,0x92,0xF5,0xB3,0xED,0x18,0xF7,0x9A,0xFF,0xB3,0xCD,0x40,0x40,
0x93,0xCD,0xBA,0xFF,0x59,0xF7,0x59,0xF7,0x59,0xF7,0x59,0xF7,0x39,0xF7,0xF8,0xEE,0xE2,0x18,0x00,0x00,0xC2,0x18,0xA5,0x19,0xA5,0x19,0xA5,0x19,0xA5,0x19,0xA5,0x19,
0xA5,0x19,0xA5,0x19,0xA5,0x19,0xA5,0x19,0xA5,0x19,0xA5,0x19,0xA5,0x19,0xA2,0x10,0x81,0x10,0xE3,0x18,0x89,0x52,0xFC,0xFF,0xDC,0xFF,0xDC,0xFF,0xDC,0xFF,0xFC,0xFF,
0x19,0xF7,0x61,0x18,0x89,0x52,0xFC,0xFF,0x76,0xF6,0x92,0xF5,0xB3,0xF5,0xB3,0xF5,0xB3,0xED,0xB3,0xED,0x93,0xED,0xB3,0xF5,0xF8,0xF6,0x5A,0xFF,0x59,0xFF,0x59,0xFF,
0x59,0xF7,0x5A,0xF7,0x5A,0xFF,0x5A,0xFF,0x7A,0xFF,0x59,0xFF,0x59,0xFF,0x59,0xFF,0x5A,0xFF,0x5A,0xFF,0x59,0xFF,0x7A,0xFF,0x7A,0xFF,0x5A,0xFF,0x5A,0xFF,0x5A,0xFF,
0x5A,0xFF,0x5A,0xFF,0x7A,0xFF,0xF8,0xF6,0xB3,0xF5,0xB3,0xF5,0xD3,0xF5,0xD3,0xF5,0xB3,0xED,0xB3,0xED,0xB2,0xED,0xD3,0xED,0x18,0xF7,0xFB,0xFF,0x2E,0x94,0x00,0x00,
0xD4,0xC5,0xFC,0xFF,0xBB,0xFF,0xDB,0xFF,0xDB,0xFF,0xFD,0xFF,0x2B,0x6B,0xE3,0x18,0x61,0x08,0x82,0x10,0xA5,0x19,0xA5,0x19,0xA5,0x19,0xA5,0x19,0xA5,0x19,0xA5,0x19,
0xA5,0x19,0xA5,0x19,0xA5,0x19,0xA5,0x19,0xA5,0x19,0xA5,0x19,0xA5,0x19,0xA5,0x19,0xE3,0x18,0x41,0x08,0x82,0x10,0x68,0x52,0x68,0x4A,0x68,0x4A,0x68,0x4A,0x68,0x4A,
0x48,0x4A,0x00,0x00,0xE6,0x39,0x5A,0xEF,0x39,0xF7,0xF8,0xF6,0xF8,0xF6,0xD7,0xF6,0xD7,0xF6,0xD7,0xF6,0xF8,0xF6,0xF8,0xF6,0x39,0xF7,0x59,0xFF,0x59,0xFF,0x59,0xFF,
0x5A,0xF7,0x5A,0xFF,0x5A,0xFF,0x7A,0xFF,0xBB,0xFF,0x9B,0xFF,0x7A,0xFF,0x7A,0xFF,0x7A,0xFF,0x7A,0xFF,0xBB,0xFF,0x5A,0xF7,0xF8,0xF6,0x5A,0xFF,0x5A,0xFF,0x5A,0xFF,
0x5A,0xFF,0x5A,0xFF,0x5A,0xFF,0x39,0xFF,0xF8,0xF6,0xF8,0xF6,0x19,0xFF,0x18,0xF7,0xF8,0xF6,0xF8,0xF6,0xF8,0xF6,0x18,0xF7,0x59,0xFF,0x7A,0xF7,0x6C,0x73,0x00,0x00,
0xC6,0x39,0x68,0x52,0x48,0x4A,0x48,0x4A,0x48,0x4A,0x89,0x52,0xC2,0x18,0x41,0x08,0xA2,0x10,0xA5,0x19,0xA5,0x19,0xA5,0x19,0xA5,0x19,0xA5,0x19,0xA5,0x19,0xA5,0x19,
0xA5,0x19,0xA5,0x19,0xA5,0x19,0xA5,0x19,0xA5,0x19,0xA5,0x19,0xA5,0x19,0xA5,0x19,0xA5,0x19,0xA5,0x19,0x82,0x10,0x00,0x00,0x00,0x00,0x00,0x00,0x00,0x00,0x00,0x00,
0x00,0x00,0x20,0x00,0x20,0x00,0xC6,0x39,0xFD,0xFF,0xBB,0xFF,0x59,0xF7,0x59,0xF7,0x39,0xF7,0x59,0xF7,0x59,0xF7,0x59,0xF7,0x59,0xFF,0x59,0xFF,0x59,0xF7,0x59,0xF7,
0x59,0xFF,0x59,0xFF,0xBB,0xFF,0x36,0xE6,0x8C,0xBB,0x2E,0xC4,0xF8,0xEE,0x7A,0xFF,0x39,0xF7,0x59,0xF7,0x15,0xE6,0x6B,0xBB,0x11,0xD5,0xBB,0xFF,0x5A,0xFF,0x5A,0xFF,
0x5A,0xFF,0x5A,0xFF,0x59,0xFF,0x59,0xFF,0x5A,0xFF,0x5A,0xFF,0x5A,0xFF,0x5A,0xFF,0x7A,0xFF,0x7A,0xFF,0x5A,0xFF,0x5A,0xFF,0xBB,0xFF,0x6C,0x73,0x20,0x00,0x20,0x00,
0x00,0x00,0x00,0x00,0x00,0x00,0x00,0x00,0x00,0x00,0x00,0x00,0x61,0x08,0xA5,0x19,0xA5,0x19,0xA5,0x19,0xA5,0x19,0xA5,0x19,0xA5,0x19,0xA5,0x19,0xA5,0x19,0xA5,0x19,
0xA5,0x19,0xA5,0x19,0xA5,0x19,0xA5,0x19,0xA5,0x19,0xA5,0x19,0xA5,0x19,0xA5,0x19,0xA5,0x19,0xA5,0x19,0xA5,0x19,0xA5,0x19,0xA5,0x19,0xA5,0x19,0xA5,0x19,0xA5,0x19,
0xA5,0x19,0xA5,0x19,0x61,0x08,0x81,0x10,0x0B,0x63,0x77,0xDE,0xFB,0xFF,0x39,0xF7,0x39,0xF7,0x39,0xF7,0x39,0xF7,0x39,0xF7,0x59,0xFF,0x59,0xF7,0x5A,0xFF,0x5A,0xFF,
0x5A,0xFF,0x5A,0xFF,0x7A,0xFF,0xF8,0xF6,0x52,0xD5,0xAC,0xC3,0x0A,0xBB,0x4B,0xC3,0x4B,0xC3,0x4B,0xC3,0xC9,0xBA,0x4E,0xCC,0xF8,0xF6,0x7A,0xFF,0x59,0xF7,0x5A,0xFF,
0x5A,0xFF,0x5A,0xFF,0x59,0xFF,0x59,0xF7,0x5A,0xFF,0x5A,0xFF,0x5A,0xFF,0x5A,0xFF,0x5A,0xFF,0x59,0xFF,0x39,0xF7,0xFC,0xFF,0x94,0xBD,0x41,0x08,0x20,0x00,0xA5,0x19,
0xA5,0x19,0xA5,0x19,0xA5,0x19,0xA5,0x19,0xA5,0x19,0xA5,0x19,0xA5,0x19,0xA5,0x19,0xA5,0x19,0xA5,0x19,0xA5,0x19,0xA5,0x19,0xA5,0x19,0xA5,0x19,0xA5,0x19,0xA5,0x19,
0xA5,0x19,0xA5,0x19,0xA5,0x19,0xA5,0x19,0xA5,0x19,0xA5,0x19,0xA5,0x19,0xA5,0x19,0xA5,0x19,0xA5,0x19,0xA5,0x19,0xA5,0x19,0xA5,0x19,0xA5,0x19,0xA5,0x19,0xA5,0x19,
0xA5,0x19,0xA5,0x19,0xA5,0x19,0x82,0x10,0x00,0x00,0x0B,0x63,0x56,0xCE,0xDB,0xFF,0x39,0xF7,0x39,0xF7,0x39,0xF7,0x39,0xF7,0x59,0xF7,0x59,0xFF,0x5A,0xFF,0x5A,0xFF,
0x5A,0xFF,0x5A,0xFF,0x5A,0xFF,0x7A,0xFF,0xDC,0xFF,0x5A,0xF7,0x93,0xDD,0x93,0xE5,0x93,0xE5,0x93,0xE5,0x15,0xE6,0x9B,0xFF,0x7A,0xFF,0x59,0xF7,0x59,0xF7,0x5A,0xFF,
0x5A,0xFF,0x5A,0xFF,0x5A,0xFF,0x5A,0xFF,0x59,0xF7,0x59,0xF7,0x5A,0xFF,0x5A,0xFF,0x5A,0xFF,0x9A,0xFF,0xFC,0xFF,0x90,0x94,0x85,0x31,0x61,0x08,0xA2,0x10,0xA5,0x19,
0xA5,0x19,0xA5,0x19,0xA5,0x19,0xA5,0x19,0xA5,0x19,0xA5,0x19,0xA5,0x19,0xA5,0x19,0xA5,0x19,0xA5,0x19,0xA5,0x19,0xA5,0x19,0xA5,0x19,0xA5,0x19,0xA5,0x19,0xA5,0x19,
0xA5,0x19,0xA5,0x19,0xA5,0x19,0xA5,0x19,0xA5,0x19,0xA5,0x19,0xA5,0x19,0xA5,0x19,0xA5,0x19,0xA5,0x19,0xA5,0x19,0xA5,0x19,0xA5,0x19,0xA5,0x19,0xA5,0x19,0xA5,0x19,
0xA5,0x19,0xA5,0x19,0xA5,0x19,0xA5,0x19,0xA2,0x10,0x00,0x00,0xE3,0x20,0x36,0xCE,0xFC,0xFF,0x7A,0xFF,0x39,0xF7,0x39,0xF7,0x59,0xF7,0x5A,0xFF,0x5A,0xFF,0x5A,0xFF,
0x59,0xFF,0x5A,0xFF,0x5A,0xFF,0x5A,0xFF,0x5A,0xFF,0x7A,0xFF,0xBB,0xFF,0xBB,0xFF,0xBB,0xFF,0xBB,0xFF,0xBB,0xFF,0x5A,0xFF,0x59,0xFF,0x59,0xF7,0x5A,0xFF,0x59,0xF7,
0x5A,0xFF,0x5A,0xFF,0x5A,0xFF,0x5A,0xFF,0x5A,0xFF,0x5A,0xFF,0x5A,0xFF,0xBB,0xFF,0xFE,0xFF,0x12,0xA5,0x89,0x52,0xA2,0x18,0x41,0x08,0xA5,0x19,0xA5,0x19,0xA5,0x19,
0xA5,0x19,0xA5,0x19,0xA5,0x19,0xA5,0x19,0xA5,0x19,0xA5,0x19,0xA5,0x19,0xA5,0x19,0xA5,0x19,0xA5,0x19,0xA5,0x19,0xA5,0x19,0xA5,0x19,0xA5,0x19,0xA5,0x19,0xA5,0x19,
0xA5,0x19,0xA5,0x19,0xA5,0x19,0xA5,0x19,0xA5,0x19,0xA5,0x19,0xA5,0x19,0xA5,0x19,0xA5,0x19,0xA5,0x19,0xA5,0x19,0xA5,0x19,0xA5,0x19,0xA5,0x19,0xA5,0x19,0xA5,0x19,
0xA5,0x19,0xA5,0x19,0xA5,0x19,0xA5,0x19,0xA5,0x19,0xA2,0x10,0x20,0x00,0x24,0x21,0x89,0x52,0x77,0xDE,0xBC,0xFF,0x9A,0xFF,0x7A,0xFF,0x7A,0xFF,0x7A,0xFF,0x5A,0xFF,
0x59,0xFF,0x5A,0xFF,0x7A,0xFF,0x7A,0xFF,0x5A,0xFF,0x5A,0xFF,0x5A,0xFF,0x59,0xFF,0x5A,0xFF,0x5A,0xFF,0x5A,0xFF,0x5A,0xFF,0x5A,0xFF,0x5A,0xFF,0x5A,0xFF,0x5A,0xFF,
0x59,0xFF,0x5A,0xFF,0x5A,0xFF,0x9A,0xFF,0x9A,0xFF,0x9B,0xFF,0xFC,0xFF,0xB1,0x9C,0xEB,0x5A,0x24,0x21,0x20,0x00,0x82,0x10,0xA5,0x19,0xA5,0x19,0xA5,0x19,0xA5,0x19,
0xA5,0x19,0xA5,0x19,0xA5,0x19,0xA5,0x19,0xA5,0x19,0xA5,0x19,0xA5,0x19,0xA5,0x19,0xA5,0x19,0xA5,0x19,0xA5,0x19,0xA5,0x19,0xA5,0x19,0xA5,0x19,0xA5,0x19,0xA5,0x19,
0xA5,0x19,0xA5,0x19,0xA5,0x19,0xA5,0x19,0xA5,0x19,0xA5,0x19,0xA5,0x19,0xA5,0x19,0xA5,0x19,0xA5,0x19,0xA5,0x19,0xA5,0x19,0xA5,0x19,0xA5,0x19,0xA5,0x19,0xA5,0x19,
0xA5,0x19,0xA5,0x19,0xA5,0x19,0xA5,0x19,0xA5,0x19,0xA5,0x19,0xA2,0x10,0x00,0x00,0x00,0x00,0x04,0x21,0x45,0x29,0xF1,0xA4,0xBC,0xFF,0x7A,0xF7,0x7A,0xFF,0x7A,0xFF,
0x7A,0xFF,0x7A,0xFF,0x7A,0xFF,0x7A,0xFF,0x5A,0xFF,0x5A,0xFF,0x5A,0xFF,0x5A,0xFF,0x7A,0xFF,0x7A,0xFF,0x5A,0xFF,0x5A,0xFF,0x5A,0xFF,0x5A,0xFF,0x5A,0xFF,0x5A,0xFF,
0x7A,0xFF,0xBB,0xFF,0xBB,0xFF,0xF9,0xEE,0x19,0xEF,0x36,0xCE,0xE6,0x39,0x40,0x08,0x00,0x00,0x00,0x00,0x40,0x08,0xA2,0x10,0xA5,0x19,0xA5,0x19,0xA5,0x19,0xA5,0x19,
0xA5,0x19,0xA5,0x19,0xA5,0x19,0xA5,0x19,0xA5,0x19,0xA5,0x19,0xA5,0x19,0xA5,0x19,0xA5,0x19,0xA5,0x19,0xA5,0x19,0xA5,0x19,0xA5,0x19,0xA5,0x19,0xA5,0x19,0xA5,0x19,
0xA5,0x19,0xA5,0x19,0xA5,0x19,0xA5,0x19,0xA5,0x19,0xA5,0x19,0xA5,0x19,0xA5,0x19,0xA5,0x19,0xA5,0x19,0xA5,0x19,0xA5,0x19,0xA5,0x19,0xA5,0x19,0xA5,0x19,0xA5,0x19,
0xA5,0x19,0xA5,0x19,0xA5,0x19,0xA5,0x19,0xA5,0x19,0x40,0x00,0xE6,0x41,0xD2,0xA4,0xB2,0xA4,0x30,0x94,0x48,0x52,0x81,0x10,0xA2,0x10,0xC2,0x18,0x6C,0x73,0xFC,0xFF,
0x9C,0xFF,0xFD,0xFF,0xFD,0xFF,0xDC,0xFF,0x5A,0xFF,0x7A,0xFF,0x7A,0xFF,0x7A,0xFF,0x7A,0xFF,0x7A,0xFF,0x7A,0xFF,0x5A,0xFF,0x7A,0xFF,0xDC,0xFF,0xFC,0xFF,0xFC,0xFF,
0x9B,0xFF,0x36,0xD6,0x56,0xD6,0x44,0x29,0x00,0x00,0x00,0x00,0x48,0x4A,0x13,0xAD,0x74,0xBD,0xF7,0xCD,0xCB,0x5A,0x00,0x00,0x82,0x10,0xA5,0x19,0xA5,0x19,0xA5,0x19,
0xA5,0x19,0xA5,0x19,0xA5,0x19,0xA5,0x19,0xA5,0x19,0xA5,0x19,0xA5,0x19,0xA5,0x19,0xA5,0x19,0xA5,0x19,0xA5,0x19,0xA5,0x19,0xA5,0x19,0xA5,0x19,0xA5,0x19,0xA5,0x19,
0xA5,0x19,0xA5,0x19,0xA5,0x19,0xA5,0x19,0xA5,0x19,0xA5,0x19,0xA5,0x19,0xA5,0x19,0xA5,0x19,0xA5,0x19,0xA5,0x19,0xA5,0x19,0xA5,0x19,0xA5,0x19,0xA5,0x19,0xA5,0x19,
0xA5,0x19,0xA5,0x19,0xA5,0x19,0xA5,0x19,0x82,0x10,0x00,0x00,0x89,0x5A,0x1B,0xF7,0x58,0xDE,0x58,0xE6,0x99,0xE6,0x8D,0x7B,0xEB,0x62,0xE7,0x41,0x20,0x00,0x24,0x21,
0x44,0x29,0xB1,0x9C,0x33,0xAD,0xB5,0xBD,0xFD,0xFF,0xFC,0xFF,0xFC,0xFF,0xFC,0xFF,0xFC,0xFF,0xFC,0xFF,0xFC,0xFF,0xFD,0xFF,0x9B,0xFF,0x52,0xAD,0x52,0xAD,0x94,0xB5,
0x6F,0x94,0x00,0x00,0x00,0x00,0xE7,0x41,0x6D,0x73,0x0B,0x63,0x34,0xB5,0xB9,0xE6,0x58,0xDE,0x58,0xDE,0x99,0xE6,0xEB,0x62,0xA2,0x10,0xA2,0x10,0xA5,0x19,0xA5,0x19,
0xA5,0x19,0xA5,0x19,0xA5,0x19,0xA5,0x19,0xA5,0x19,0xA5,0x19,0xA5,0x19,0xA5,0x19,0xA5,0x19,0xA5,0x19,0xA5,0x19,0xA5,0x19,0xA5,0x19,0xA5,0x19,0xA5,0x19,0xA5,0x19,
0xA5,0x19,0xA5,0x19,0xA5,0x19,0xA5,0x19,0xA5,0x19,0xA5,0x19,0xA5,0x19,0xA5,0x19,0xA5,0x19,0xA5,0x19,0xA5,0x19,0xA5,0x19,0xA5,0x19,0xA5,0x19,0xA5,0x19,0xA5,0x19,
0xA5,0x19,0xA5,0x19,0xA5,0x19,0xA2,0x10,0x41,0x08,0x2C,0x63,0x3B,0xE7,0x9C,0xF7,0xFA,0xE6,0x78,0xDE,0xF6,0xCD,0x58,0xE6,0x99,0xE6,0x38,0xD6,0x6D,0x73,0xE3,0x20,
0xC2,0x18,0x00,0x00,0x00,0x00,0x20,0x00,0x2B,0x6B,0x2B,0x63,0x0B,0x63,0x0B,0x63,0x0B,0x63,0x2B,0x6B,0x2B,0x6B,0x4C,0x6B,0xA9,0x52,0x00,0x00,0x00,0x00,0x00,0x00,
0x00,0x00,0xE7,0x41,0xCE,0x83,0x95,0xC5,0xFB,0xF6,0xB9,0xE6,0x37,0xD6,0xB9,0xDE,0x3B,0xEF,0x1B,0xEF,0x3B,0xEF,0x1B,0xEF,0x07,0x42,0x00,0x00,0xA2,0x10,0xA5,0x19,
0xA5,0x19,0xA5,0x19,0xA5,0x19,0xA5,0x19,0xA5,0x19,0xA5,0x19,0xA5,0x19,0xA5,0x19,0xA5,0x19,0xA5,0x19,0xA5,0x19,0xA5,0x19,0xA5,0x19,0xA5,0x19,0xA5,0x19,0xA5,0x19,
0xA5,0x19,0xA5,0x19,0xA5,0x19,0xA5,0x19,0xA5,0x19,0xA5,0x19,0xA5,0x19,0xA5,0x19,0xA5,0x19,0xA5,0x19,0xA5,0x19,0xA5,0x19,0xA5,0x19,0xA5,0x19,0xA5,0x19,0xA5,0x19,
0xA5,0x19,0xA5,0x19,0x82,0x10,0x20,0x00,0x33,0xA5,0x9D,0xF7,0xDD,0xFF,0xBD,0xF7,0xDD,0xF7,0x9C,0xF7,0x5B,0xEF,0x99,0xDE,0x17,0xD6,0x17,0xD6,0x38,0xDE,0x99,0xE6,
0x34,0xB5,0x00,0x00,0xC2,0x28,0x48,0x7A,0x00,0x18,0x00,0x10,0x00,0x10,0x00,0x10,0x00,0x10,0x00,0x08,0x00,0x10,0x00,0x08,0x82,0x28,0xA9,0x9A,0xE3,0x30,0x00,0x00,
0x8D,0x7B,0x99,0xE6,0xBA,0xEE,0x37,0xDE,0xF6,0xD5,0xDA,0xE6,0xFA,0xE6,0x7C,0xEF,0xDD,0xF7,0xDD,0xF7,0x9C,0xF7,0x78,0xDE,0x17,0xD6,0x49,0x4A,0x00,0x00,0x81,0x10,
0xA5,0x19,0xA5,0x19,0xA5,0x19,0xA5,0x19,0xA5,0x19,0xA5,0x19,0xA5,0x19,0xA5,0x19,0xA5,0x19,0xA5,0x19,0xA5,0x19,0xA5,0x19,0xA5,0x19,0xA5,0x19,0xA5,0x19,0xA5,0x19,
0xA5,0x19,0xA5,0x19,0xA5,0x19,0xA5,0x19,0xA5,0x19,0xA5,0x19,0xA5,0x19,0xA5,0x19,0xA5,0x19,0xA5,0x19,0xA5,0x19,0xA5,0x19,0xA5,0x19,0xA5,0x19,0xA5,0x19,0xA5,0x19,
0xA5,0x19,0xA5,0x19,0x61,0x08,0x00,0x00,0x78,0xCE,0xFF,0xFF,0xDD,0xFF,0x9C,0xF7,0x9C,0xF7,0xBD,0xF7,0xDD,0xF7,0xBD,0xF7,0xBD,0xF7,0xB9,0xDE,0xF6,0xD5,0x58,0xE6,
0xF3,0xAC,0x00,0x00,0x24,0x41,0x8F,0xFC,0xED,0xDB,0xED,0xDB,0xED,0xDB,0xED,0xDB,0xED,0xDB,0xCC,0xD3,0xEC,0xD3,0xED,0xD3,0xED,0xDB,0x8F,0xFC,0x85,0x59,0x20,0x00,
0x50,0x9C,0x99,0xEE,0x99,0xDE,0x3B,0xEF,0x3B,0xEF,0xBD,0xF7,0xBD,0xF7,0xBD,0xF7,0x9C,0xF7,0xBC,0xF7,0x9C,0xF7,0x78,0xDE,0xDA,0xEE,0x74,0xBD,0x81,0x10,0x20,0x00,
0xA5,0x19,0xA5,0x19,0xA5,0x19,0xA5,0x19,0xA5,0x19,0xA5,0x19,0xA5,0x19,0xA5,0x19,0xA5,0x19,0xA5,0x19,0xA5,0x19,0xA5,0x19,0xA5,0x19,0xA5,0x19,0xA5,0x19,0xA5,0x19,
0xA5,0x19,0xA5,0x19,0xA5,0x19,0xA5,0x19,0xA5,0x19,0xA5,0x19,0xA5,0x19,0xA5,0x19,0xA5,0x19,0xA5,0x19,0xA5,0x19,0xA5,0x19,0xA5,0x19,0xA5,0x19,0xA5,0x19,0xA5,0x19,
0xA5,0x19,0xA5,0x19,0x41,0x08,0x00,0x00,0x6D,0x6B,0xD3,0x9C,0x1B,0xE7,0xFF,0xFF,0xBD,0xF7,0xBD,0xF7,0xBD,0xF7,0xBD,0xF7,0xBD,0xF7,0x9D,0xF7,0xBD,0xF7,0xDA,0xE6,
0x54,0xBD,0x00,0x00,0x24,0x41,0x8F,0xF4,0x0D,0xE4,0xED,0xE3,0xCD,0xE3,0xCD,0xE3,0xED,0xE3,0xCD,0xE3,0xCD,0xE3,0xCC,0xE3,0x2E,0xF4,0x2E,0xE4,0x20,0x10,0x2B,0x6B,
0xBA,0xE6,0x78,0xDE,0x3B,0xEF,0xFE,0xFF,0xDE,0xFF,0xBD,0xF7,0x9D,0xF7,0xBD,0xF7,0xBD,0xF7,0xBD,0xF7,0x7C,0xF7,0x99,0xDE,0xB9,0xE6,0x58,0xD6,0xA2,0x10,0x20,0x00,
0xA5,0x19,0xA5,0x19,0xA5,0x19,0xA5,0x19,0xA5,0x19,0xA5,0x19,0xA5,0x19,0xA5,0x19,0xA5,0x19,0xA5,0x19,0xA5,0x19,0xA5,0x19,0xA5,0x19,0xA5,0x19,0xA5,0x19,0xA5,0x19,
0xA5,0x19,0xA5,0x19,0xA5,0x19,0xA5,0x19,0xA5,0x19,0xA5,0x19,0xA5,0x19,0xA5,0x19,0xA5,0x19,0xA5,0x19,0xA5,0x19,0xA5,0x19,0xA5,0x19,0xA5,0x19,0xA5,0x19,0x61,0x08,
0x20,0x00,0x20,0x00,0x40,0x08,0x81,0x28,0x00,0x10,0x00,0x00,0xCF,0x7B,0xDA,0xDE,0xFF,0xFF,0xFE,0xFF,0x9C,0xF7,0xBD,0xF7,0xBD,0xF7,0xBD,0xF7,0xDE,0xFF,0xDE,0xFF,
0x3B,0xE7,0x44,0x21,0x61,0x18,0xB4,0xDD,0xF8,0xFE,0x2E,0xDC,0x0D,0xDC,0x2E,0xDC,0x4E,0xE4,0x2E,0xE4,0x2E,0xE4,0xF1,0xFC,0xCC,0xBB,0x24,0x41,0xC7,0x39,0xB5,0xB5,
0xFF,0xFF,0xBD,0xF7,0xBD,0xF7,0xBD,0xF7,0xBD,0xF7,0xBE,0xF7,0xBD,0xF7,0xDE,0xFF,0xFE,0xFF,0xFF,0xFF,0x0F,0x84,0x03,0x21,0xE3,0x20,0xE3,0x20,0x00,0x00,0x00,0x00,
0x00,0x00,0x20,0x00,0xA5,0x19,0xA5,0x19,0xA5,0x19,0xA5,0x19,0xA5,0x19,0xA5,0x19,0xA5,0x19,0xA5,0x19,0xA5,0x19,0xA5,0x19,0xA5,0x19,0xA5,0x19,0xA5,0x19,0xA5,0x19,
0xA5,0x19,0xA5,0x19,0xA5,0x19,0xA5,0x19,0xA5,0x19,0xA5,0x19,0xA5,0x19,0xA5,0x19,0xA5,0x19,0xA5,0x19,0xA5,0x19,0xA5,0x19,0xA5,0x19,0xA5,0x19,0x41,0x08,0x00,0x00,
0x00,0x00,0x00,0x00,0x82,0x28,0xE6,0x99,0xA5,0x91,0x24,0x61,0x00,0x00,0xA2,0x10,0xEB,0x5A,0xF6,0xBD,0xFF,0xFF,0xFF,0xFF,0xBD,0xF7,0xBD,0xF7,0xBD,0xF7,0xDE,0xFF,
0xFF,0xFF,0xFA,0xDE,0xE7,0x39,0xE6,0x39,0xF5,0xBD,0xBB,0xFF,0xF8,0xF6,0xF8,0xF6,0xF8,0xF6,0x59,0xFF,0x7A,0xFF,0x0A,0x6B,0x65,0x31,0x28,0x42,0x7D,0xF7,0xFF,0xFF,
0xBD,0xF7,0xBD,0xF7,0xBD,0xF7,0xBD,0xF7,0xFE,0xFF,0xFF,0xFF,0xFF,0xFF,0x8D,0x6B,0xA6,0x31,0x08,0x42,0x82,0x10,0x82,0x08,0x88,0x19,0x67,0x19,0xC8,0x21,0xC9,0x29,
0x20,0x00,0x00,0x00,0x40,0x00,0x82,0x10,0xA5,0x19,0xA5,0x19,0xA5,0x19,0xA5,0x19,0xA5,0x19,0xA5,0x19,0xA5,0x19,0xA5,0x19,0xA5,0x19,0xA5,0x19,0xA5,0x19,0xA5,0x19,
0xA5,0x19,0xA5,0x19,0xA5,0x19,0xA5,0x19,0xA5,0x19,0xA5,0x19,0xA5,0x19,0xA5,0x19,0xA5,0x19,0xA5,0x19,0xA5,0x19,0xA5,0x19,0xA2,0x10,0x41,0x08,0x25,0x19,0xAD,0x3A,
0xEE,0x42,0x8C,0x3A,0x41,0x10,0x65,0x71,0xA5,0x89,0xC6,0x99,0x03,0x59,0x00,0x00,0x00,0x00,0x07,0x3A,0x8E,0x73,0x71,0x8C,0xFF,0xFF,0xFF,0xFF,0xFE,0xFF,0xDE,0xF7,
0xDE,0xFF,0xFF,0xFF,0xDE,0xF7,0x69,0x4A,0xC2,0x10,0xB0,0x9C,0xBB,0xFF,0x9A,0xFF,0xDB,0xFF,0x56,0xD6,0xEA,0x62,0xE6,0x39,0xEF,0x7B,0xFF,0xFF,0xDE,0xFF,0xDE,0xFF,
0xDE,0xFF,0xFE,0xFF,0xFF,0xFF,0xFF,0xFF,0x37,0xC6,0x8A,0x52,0xAA,0x52,0x61,0x08,0xE4,0x10,0x00,0x00,0x66,0x19,0x50,0x43,0xB2,0x4B,0x91,0x43,0xD3,0x4B,0x6C,0x32,
0x61,0x20,0x03,0x51,0xC2,0x38,0x61,0x10,0x82,0x08,0xA5,0x19,0xA5,0x19,0xA5,0x19,0xA5,0x19,0xA5,0x19,0xA5,0x19,0xA5,0x19,0xA5,0x19,0xA5,0x19,0xA5,0x19,0xA5,0x19,
0xA5,0x19,0xA5,0x19,0xA5,0x19,0xA5,0x19,0xA5,0x19,0xA5,0x19,0xA5,0x19,0xA5,0x19,0xA5,0x19,0xA5,0x19,0xA5,0x19,0x82,0x10,0x40,0x08,0x82,0x10,0x2F,0x43,0xD2,0x4B,
0x92,0x4B,0x2F,0x43,0x20,0x00,0x24,0x61,0xA5,0x91,0xA5,0x91,0x24,0x69,0x21,0x00,0x91,0x53,0xC8,0x21,0x00,0x00,0x61,0x08,0xCA,0x5A,0xCA,0x5A,0xDA,0xDE,0xFF,0xFF,
0xDE,0xFF,0xDE,0xF7,0xDE,0xFF,0xFF,0xFF,0x55,0xAD,0x49,0x4A,0x65,0x31,0xC5,0x39,0xA5,0x39,0x27,0x4A,0xEF,0x7B,0x9C,0xF7,0xFF,0xFF,0xBD,0xF7,0xDD,0xFF,0xDD,0xFF,
0xFF,0xFF,0x37,0xCE,0x89,0x52,0xCA,0x5A,0xA6,0x39,0x00,0x00,0x82,0x08,0x2A,0x2A,0xD2,0x53,0x82,0x08,0x2A,0x2A,0x92,0x4B,0x30,0x43,0x50,0x43,0x71,0x43,0x05,0x11,
0x61,0x38,0x07,0x9A,0xE6,0x99,0xE3,0x48,0x41,0x10,0xA2,0x10,0xA5,0x19,0xA5,0x19,0xA5,0x19,0xA5,0x19,0xA5,0x19,0xA5,0x19,0xA5,0x19,0xA5,0x19,0xA5,0x19,0xA5,0x19,
0xA5,0x19,0xA5,0x19,0xA5,0x19,0xA5,0x19,0xA5,0x19,0xA5,0x19,0xA5,0x19,0xA5,0x19,0xA5,0x19,0xA5,0x19,0xA5,0x19,0x20,0x00,0x46,0x19,0x91,0x4B,0x71,0x4B,0x71,0x4B,
0x91,0x4B,0x0E,0x43,0x00,0x00,0x23,0x61,0xA6,0x91,0xA5,0x91,0x04,0x61,0x21,0x00,0x50,0x4B,0xB2,0x4B,0xB2,0x4B,0x6B,0x32,0x83,0x08,0x21,0x00,0xCA,0x62,0x70,0x94,
0x54,0xBD,0xDA,0xE6,0xDE,0xFF,0xDE,0xFF,0xFF,0xFF,0x1B,0xE7,0xB2,0x94,0xD2,0x9C,0x91,0x94,0xD6,0xBD,0xFF,0xFF,0xDD,0xFF,0xDD,0xFF,0x9C,0xF7,0x3B,0xEF,0x95,0xBD,
0x30,0x8C,0x89,0x52,0xA3,0x08,0xE4,0x10,0xC9,0x29,0xD3,0x53,0xD2,0x53,0xF3,0x5B,0x71,0x4B,0x62,0x08,0xEA,0x29,0x71,0x43,0x30,0x43,0x91,0x4B,0x26,0x11,0x81,0x28,
0xA5,0x81,0xA5,0x89,0xA5,0x89,0xE7,0x99,0xE3,0x48,0x00,0x00,0xA2,0x10,0xA5,0x19,0xA5,0x19,0xA5,0x19,0xA5,0x19,0xA5,0x19,0xA5,0x19,0xA5,0x19,0xA5,0x19,0xA5,0x19,
0xA5,0x19,0xA5,0x19,0xA5,0x19,0xA5,0x19,0xA5,0x19,0xA5,0x19,0xA5,0x19,0xA5,0x19,0xA5,0x19,0xA2,0x10,0x00,0x00,0x25,0x19,0xB1,0x53,0x71,0x4B,0x71,0x4B,0x71,0x43,
0x91,0x4B,0x0F,0x43,0x00,0x00,0x23,0x69,0x85,0x89,0xA5,0x91,0x24,0x61,0x41,0x00,0x50,0x43,0x91,0x43,0x71,0x4B,0x92,0x4B,0xD2,0x53,0x71,0x4B,0xE5,0x10,0x00,0x00,
0x91,0xA4,0x95,0xC5,0x7C,0xF7,0xFE,0xFF,0xFE,0xFF,0xFF,0xFF,0xFF,0xFF,0xFF,0xFF,0xFF,0xFF,0xFF,0xFF,0xFE,0xFF,0xDE,0xFF,0xBD,0xF7,0x99,0xDE,0x99,0xE6,0xCE,0x7B,
0x00,0x00,0x42,0x00,0xB1,0x53,0x13,0x5C,0xF3,0x53,0xB2,0x4B,0xB2,0x4B,0xB2,0x53,0x91,0x4B,0x82,0x08,0xE9,0x21,0x71,0x43,0x50,0x43,0x91,0x4B,0xC4,0x08,0x81,0x30,
0xC6,0x91,0x85,0x81,0xA5,0x89,0xC6,0x91,0xE3,0x40,0x61,0x08,0x00,0x00,0x81,0x10,0xA5,0x19,0xA5,0x19,0xA5,0x19,0xA5,0x19,0xA5,0x19,0xA5,0x19,0xA5,0x19,0xA5,0x19,
0xA5,0x19,0xA5,0x19,0xA5,0x19,0xA5,0x19,0xA5,0x19,0xA5,0x19,0xA5,0x19,0xA5,0x19,0xA2,0x10,0x41,0x08,0x05,0x19,0x70,0x4B,0x91,0x4B,0x71,0x4B,0x50,0x43,0x50,0x43,
0x91,0x4B,0x2F,0x43,0x41,0x00,0x24,0x69,0xA5,0x89,0xA5,0x91,0x04,0x61,0x41,0x00,0x50,0x43,0x92,0x4B,0x71,0x4B,0x71,0x4B,0x71,0x43,0xD2,0x4B,0x2A,0x2A,0x20,0x00,
0xF6,0xC5,0x98,0xDE,0xFF,0xFF,0x17,0xC6,0xE3,0x18,0x44,0x29,0x65,0x29,0x65,0x29,0x65,0x29,0x44,0x21,0xC6,0x39,0x5B,0xE7,0x7C,0xF7,0x58,0xD6,0xDA,0xEE,0xEE,0x83,
0x00,0x00,0xAD,0x3A,0xD2,0x53,0xF3,0x53,0xF3,0x53,0x13,0x54,0xF3,0x53,0xD2,0x53,0xB2,0x53,0x82,0x08,0xE9,0x21,0x71,0x43,0x91,0x4B,0x67,0x19,0x82,0x20,0x44,0x71,
0xA5,0x89,0xA5,0x81,0xE6,0x99,0xC2,0x50,0xE4,0x10,0xD2,0x5B,0x66,0x21,0x82,0x10,0xA2,0x10,0xA5,0x19,0xA5,0x19,0xA5,0x19,0xA5,0x19,0xA5,0x19,0xA5,0x19,0xA5,0x19,
0xA5,0x19,0xA5,0x19,0xA5,0x19,0xA5,0x19,0xA5,0x19,0xA5,0x19,0xA5,0x19,0xA5,0x19,0x20,0x08,0x04,0x19,0x30,0x43,0xB2,0x4B,0x91,0x4B,0x70,0x4B,0xC4,0x10,0x0E,0x43,
0xB2,0x4B,0x2F,0x43,0x61,0x00,0x44,0x71,0xE6,0x99,0xE6,0xA1,0x24,0x69,0x21,0x00,0x0F,0x43,0x50,0x43,0x50,0x43,0x50,0x43,0x30,0x43,0xB2,0x4B,0xE9,0x29,0x40,0x08,
0x5C,0xEF,0x9D,0xF7,0x4C,0x6B,0xAA,0x52,0x4C,0x6B,0x4C,0x6B,0x4C,0x6B,0x6C,0x6B,0x6C,0x6B,0x8D,0x73,0x28,0x42,0xA2,0x10,0xEF,0x83,0x99,0xDE,0xDA,0xEE,0xCE,0x83,
0x00,0x00,0xCE,0x3A,0xAD,0x3A,0x6C,0x32,0x6C,0x32,0x8C,0x32,0xCD,0x3A,0xB2,0x53,0x91,0x4B,0x62,0x08,0xC9,0x21,0x71,0x4B,0xAD,0x3A,0x62,0x00,0xA2,0x38,0xC6,0x99,
0x85,0x81,0xA5,0x89,0x44,0x69,0xC3,0x20,0xAD,0x3A,0xD2,0x53,0xF3,0x5B,0x25,0x19,0x20,0x00,0xA5,0x19,0xA5,0x19,0xA5,0x19,0xA5,0x19,0xA5,0x19,0xA5,0x19,0xA5,0x19,
0xA5,0x19,0xA5,0x19,0xA5,0x19,0xA5,0x19,0xA5,0x19,0xA5,0x19,0xA5,0x19,0x40,0x08,0xE4,0x10,0xED,0x42,0xD2,0x53,0x71,0x4B,0x91,0x4B,0x70,0x4B,0xE4,0x10,0xE9,0x29,
0xB2,0x53,0x2F,0x43,0x20,0x00,0x00,0x08,0x00,0x18,0x00,0x20,0x00,0x10,0x00,0x00,0x00,0x00,0x21,0x00,0x62,0x08,0x21,0x00,0x00,0x00,0xCE,0x3A,0x0A,0x2A,0x40,0x08,
0xFE,0xFF,0x78,0xCE,0x00,0x00,0x0F,0x84,0xFF,0xFF,0xFF,0xFF,0xFF,0xFF,0xFF,0xFF,0xFF,0xFF,0xFF,0xFF,0x38,0xCE,0xA6,0x31,0x41,0x08,0x89,0x52,0xDE,0xFF,0xEF,0x83,
0x00,0x00,0x30,0x43,0x05,0x11,0x00,0x00,0x21,0x00,0x20,0x00,0x20,0x00,0xC3,0x08,0xA3,0x08,0x21,0x00,0x4C,0x32,0x92,0x4B,0xA3,0x08,0x20,0x10,0x65,0x79,0xA5,0x89,
0x85,0x89,0xC6,0x99,0x81,0x40,0xA3,0x00,0x13,0x5C,0x91,0x4B,0xB2,0x53,0x87,0x21,0x82,0x08,0xA2,0x10,0xA5,0x19,0xA5,0x19,0xA5,0x19,0xA5,0x19,0xA5,0x19,0xA5,0x19,
0xA5,0x19,0xA5,0x19,0xA5,0x19,0xA5,0x19,0xA5,0x19,0xA5,0x19,0xA5,0x19,0x41,0x08,0x4A,0x32,0xF3,0x53,0x71,0x4B,0x71,0x4B,0x71,0x4B,0xB2,0x4B,0xEE,0x42,0x01,0x00,
0x4B,0x32,0x50,0x4B,0xC2,0x18,0x6B,0x73,0x8C,0x73,0x8C,0x73,0x8C,0x73,0xAD,0x7B,0xAD,0x7B,0x81,0x10,0x00,0x00,0xCA,0x5A,0x95,0xB5,0xC7,0x31,0xC4,0x10,0x00,0x00,
0x6D,0x6B,0x24,0x21,0x61,0x08,0xD5,0xBD,0xF6,0xC5,0xD6,0xBD,0xD6,0xBD,0xD6,0xBD,0xF6,0xBD,0xD6,0xBD,0x78,0xD6,0xFF,0xFF,0x24,0x21,0x82,0x10,0x0F,0x84,0xE7,0x41,
0x00,0x00,0xA8,0x21,0x82,0x08,0x00,0x00,0x2A,0x3A,0x70,0x53,0x8C,0x3A,0x0A,0x2A,0xE9,0x29,0x2B,0x2A,0x30,0x43,0x0F,0x43,0x83,0x00,0xA2,0x40,0xC6,0x99,0x85,0x81,
0xC6,0x91,0x03,0x59,0xA3,0x20,0x8C,0x3A,0x91,0x4B,0x71,0x4B,0x91,0x4B,0xD2,0x53,0x2A,0x32,0x00,0x00,0xA5,0x19,0xA5,0x19,0xA5,0x19,0xA5,0x19,0xA5,0x19,0xA5,0x19,
0xA5,0x19,0xA5,0x19,0xA5,0x19,0xA5,0x19,0xA5,0x19,0xA5,0x19,0x00,0x00,0x0A,0x2A,0xB2,0x4B,0x71,0x4B,0x71,0x4B,0x71,0x4B,0x91,0x4B,0x91,0x4B,0xB1,0x53,0xE4,0x10,
0x62,0x08,0x62,0x00,0x24,0x29,0xDB,0xFF,0xBB,0xFF,0xFB,0xFF,0xFC,0xFF,0xFC,0xFF,0xFE,0xFF,0x0E,0x8C,0x00,0x00,0xE7,0x39,0x50,0x8C,0x61,0x10,0x00,0x00,0x00,0x00,
0x00,0x00,0xE3,0x18,0xFA,0xE6,0xEA,0x5A,0x20,0x00,0x61,0x08,0x41,0x08,0x41,0x08,0x61,0x08,0x41,0x08,0xE3,0x18,0x0B,0x63,0x04,0x21,0x00,0x00,0x00,0x00,0x00,0x00,
0x41,0x08,0x00,0x00,0x00,0x00,0x20,0x00,0x61,0x08,0x87,0x21,0x50,0x4B,0xB2,0x4B,0x51,0x43,0x50,0x43,0x71,0x43,0x05,0x11,0x41,0x18,0x65,0x79,0xA5,0x89,0xA5,0x89,
0xC6,0x91,0x81,0x30,0xA3,0x00,0xF3,0x53,0x71,0x4B,0x71,0x4B,0x91,0x4B,0xF3,0x53,0x0A,0x2A,0x00,0x00,0xA5,0x19,0xA5,0x19,0xA5,0x19,0xA5,0x19,0xA5,0x19,0xA5,0x19,
0xA5,0x19,0xA5,0x19,0xA5,0x19,0xA5,0x19,0xA5,0x19,0xA2,0x10,0x82,0x10,0x8C,0x3A,0xB2,0x53,0x71,0x4B,0x70,0x4B,0x71,0x4B,0x91,0x4B,0x91,0x4B,0xD2,0x53,0x2F,0x43,
0x00,0x00,0xE2,0x20,0x0E,0x84,0x38,0xF7,0x39,0xF7,0x76,0xDE,0x15,0xD6,0x35,0xD6,0x56,0xDE,0x56,0xDE,0x2E,0x94,0x0E,0x8C,0x0D,0x8C,0xF1,0xA4,0x53,0xB5,0x53,0xB5,
0x32,0xB5,0x4F,0x94,0xA6,0x31,0x20,0x00,0x00,0x00,0x00,0x00,0x00,0x00,0x00,0x00,0x00,0x00,0x00,0x00,0x00,0x00,0x03,0x21,0x56,0xDE,0x35,0xD6,0x15,0xCE,0x35,0xD6,
0x97,0xDE,0x97,0xE6,0x97,0xDE,0x76,0xDE,0x56,0xDE,0x68,0x52,0xA2,0x08,0x4B,0x32,0x50,0x43,0x30,0x43,0x2F,0x43,0xC3,0x08,0xA2,0x40,0xE6,0x99,0xA5,0x81,0xC6,0x89,
0x23,0x61,0x82,0x10,0xCE,0x42,0x91,0x4B,0x71,0x4B,0x71,0x4B,0x71,0x4B,0x91,0x4B,0x2F,0x43,0xC8,0x29,0x20,0x00,0xA2,0x10,0xA5,0x19,0xA5,0x19,0xA5,0x19,0xA5,0x19,
0xA5,0x19,0xA5,0x19,0xA5,0x19,0xA5,0x19,0x82,0x10,0x00,0x00,0x0F,0x4B,0xB2,0x53,0x71,0x4B,0x71,0x4B,0x71,0x4B,0x71,0x4B,0x91,0x4B,0x91,0x4B,0xB1,0x53,0x91,0x53,
0x21,0x00,0x6C,0x7B,0xFC,0xFF,0x59,0xF7,0xBB,0xFF,0x47,0x5A,0x20,0x10,0x61,0x20,0x00,0x10,0x65,0x39,0x79,0xFF,0xDA,0xFF,0x39,0xF7,0x4E,0x94,0xED,0x8B,0x8F,0x9C,
0x99,0xFF,0x96,0xE6,0x8C,0x7B,0x2E,0x8C,0x6F,0x94,0x6F,0x94,0x6F,0x94,0x4F,0x94,0x4F,0x94,0x4F,0x94,0x2F,0x94,0x11,0xAD,0xBA,0xFF,0x2D,0x94,0x6E,0x9C,0x18,0xF7,
0x4E,0x94,0x4E,0x94,0x2E,0x8C,0x72,0xBD,0xFB,0xFF,0x14,0xCE,0x00,0x00,0xA8,0x21,0x51,0x43,0x50,0x43,0x04,0x11,0x61,0x20,0xA6,0x89,0xA5,0x89,0xC6,0x91,0x85,0x79,
0x20,0x10,0x25,0x19,0xD2,0x53,0x71,0x4B,0x71,0x4B,0x71,0x4B,0x71,0x4B,0x71,0x4B,0xF3,0x53,0xEE,0x42,0x00,0x00,0x82,0x10,0xA5,0x19,0xA5,0x19,0xA5,0x19,0xA5,0x19,
0xA5,0x19,0xA5,0x19,0xA5,0x19,0xA5,0x19,0x82,0x10,0xA3,0x10,0x2F,0x43,0xB2,0x4B,0x71,0x4B,0x71,0x4B,0x91,0x4B,0x91,0x4B,0xB2,0x4B,0xF3,0x53,0x50,0x4B,0x41,0x00,
0xB0,0x9C,0x18,0xEF,0x79,0xFF,0xD7,0xEE,0xEA,0x6A,0x00,0x00,0x00,0x00,0x00,0x00,0x00,0x00,0xA2,0x18,0x79,0xFF,0xBA,0xFF,0x96,0xE6,0x06,0x4A,0xA5,0x39,0x88,0x52,
0x18,0xF7,0xFB,0xFF,0x9A,0xFF,0x52,0xB5,0x52,0xB5,0x73,0xB5,0x52,0xB5,0x52,0xB5,0x73,0xB5,0x93,0xBD,0xB4,0xBD,0x9A,0xFF,0x9A,0xFF,0xF3,0xCD,0x55,0xDE,0x76,0xDE,
0x26,0x4A,0x06,0x4A,0xC5,0x41,0x2E,0x94,0xFB,0xFF,0xD3,0xC5,0x00,0x00,0xC9,0x29,0x51,0x43,0x30,0x43,0xA3,0x08,0x61,0x38,0xC6,0x91,0xA5,0x89,0xC6,0x89,0x44,0x69,
0x21,0x08,0x2F,0x43,0x91,0x4B,0x71,0x4B,0x71,0x4B,0x71,0x4B,0x71,0x4B,0x91,0x4B,0xB2,0x4B,0x0F,0x43,0x46,0x19,0x81,0x08,0x82,0x10,0xA5,0x19,0xA5,0x19,0xA5,0x19,
0xA5,0x19,0xA5,0x19,0xA5,0x19,0x40,0x08,0x82,0x08,0x91,0x4B,0x91,0x4B,0x91,0x4B,0x91,0x4B,0x91,0x4B,0xB1,0x4B,0xD2,0x53,0xEE,0x42,0xCE,0x3A,0x4B,0x32,0x00,0x00,
0x72,0xBD,0xBA,0xFF,0x79,0xFF,0x55,0xDE,0x8C,0x7B,0x6C,0x73,0x6C,0x73,0x8C,0x73,0x8D,0x73,0xC2,0x18,0x88,0x52,0x56,0xD6,0xD8,0xEE,0xB7,0xE6,0xD8,0xE6,0xD8,0xE6,
0xF8,0xEE,0x0E,0x84,0xC6,0x39,0x00,0x00,0x41,0x00,0x41,0x08,0x41,0x08,0x41,0x00,0x41,0x08,0x00,0x00,0x00,0x00,0x89,0x52,0x72,0xB5,0x59,0xF7,0x18,0xEF,0xB7,0xE6,
0xB8,0xE6,0xB7,0xE6,0xB8,0xE6,0xD7,0xE6,0x19,0xEF,0x52,0xB5,0x00,0x00,0xC9,0x21,0x91,0x4B,0x26,0x11,0x61,0x20,0x64,0x79,0xA5,0x89,0xC6,0x91,0x85,0x79,0x00,0x08,
0x88,0x21,0x10,0x43,0x2B,0x2A,0x50,0x4B,0x71,0x4B,0x71,0x4B,0x91,0x4B,0x91,0x4B,0x91,0x4B,0xB2,0x4B,0x91,0x53,0x41,0x08,0x61,0x08,0xA5,0x19,0xA5,0x19,0xA5,0x19,
0xA5,0x19,0xA5,0x19,0xA5,0x19,0x20,0x00,0x82,0x08,0x91,0x4B,0x91,0x4B,0x91,0x4B,0xB1,0x4B,0xB2,0x4B,0xB2,0x53,0x2A,0x2A,0x21,0x00,0x00,0x00,0x00,0x00,0x44,0x29,
0x76,0xD6,0x59,0xFF,0x18,0xF7,0x59,0xFF,0xBB,0xFF,0xDB,0xFF,0xDB,0xFF,0xDB,0xFF,0xFB,0xFF,0x2E,0x8C,0x20,0x00,0x61,0x08,0xA2,0x10,0xA2,0x10,0xA2,0x10,0xC2,0x18,
0xA2,0x10,0x00,0x00,0x00,0x00,0x30,0x84,0xFB,0xDE,0x99,0xD6,0x99,0xD6,0x99,0xD6,0xBA,0xD6,0xD6,0xBD,0x2C,0x63,0x00,0x00,0x00,0x00,0x03,0x19,0xC2,0x18,0xE3,0x18,
0x03,0x21,0x04,0x21,0x04,0x21,0x03,0x21,0x03,0x21,0xC2,0x18,0x00,0x00,0xE9,0x29,0x92,0x4B,0xA3,0x00,0xA2,0x40,0x06,0xA2,0xA5,0x89,0x85,0x89,0xE3,0x48,0x00,0x00,
0x47,0x11,0x89,0x11,0x0A,0x22,0xB1,0x4B,0x91,0x4B,0x71,0x4B,0x91,0x4B,0x91,0x4B,0x91,0x4B,0x91,0x4B,0x50,0x4B,0x61,0x08,0x61,0x08,0xA5,0x19,0xA5,0x19,0xA5,0x19,
0xA5,0x19,0xC2,0x10,0x61,0x08,0xC4,0x10,0xEE,0x42,0xD2,0x53,0x0F,0x43,0x06,0x09,0x26,0x11,0x47,0x11,0x27,0x11,0xC4,0x08,0xE9,0x29,0x0E,0x4B,0x41,0x08,0xB4,0xC5,
0x9A,0xFF,0x18,0xF7,0x38,0xF7,0x39,0xF7,0x79,0xFF,0x9A,0xFF,0x9A,0xFF,0x9A,0xFF,0xDB,0xFF,0xFD,0xFF,0x65,0x31,0x00,0x00,0x00,0x00,0x00,0x00,0x00,0x00,0x00,0x00,
0x00,0x00,0xA6,0x31,0x38,0xC6,0x30,0x84,0x86,0x31,0x65,0x29,0x85,0x31,0x65,0x29,0x45,0x29,0xAE,0x73,0xFA,0xE6,0x95,0xB5,0x61,0x08,0x00,0x00,0x00,0x00,0x20,0x00,
0x41,0x08,0x40,0x08,0x40,0x08,0x40,0x00,0x40,0x08,0x40,0x08,0x00,0x00,0x4B,0x32,0x6C,0x32,0x00,0x00,0x81,0x30,0x24,0x69,0xA6,0x91,0x85,0x81,0x00,0x00,0xE5,0x10,
0x89,0x19,0xC9,0x19,0xB2,0x53,0xF2,0x53,0xD2,0x53,0xD2,0x53,0xB2,0x53,0x91,0x4B,0x91,0x4B,0x91,0x4B,0x91,0x4B,0x4F,0x4B,0xE4,0x10,0x41,0x08,0xA5,0x19,0xA5,0x19,
0xA5,0x19,0x82,0x10,0x20,0x00,0x2F,0x4B,0xF3,0x53,0x70,0x4B,0x48,0x11,0x84,0x00,0xA4,0x00,0xC5,0x08,0x43,0x00,0x0E,0x43,0x95,0x6C,0x91,0x53,0x61,0x08,0x76,0xDE,
0x59,0xFF,0x18,0xF7,0x39,0xF7,0x9A,0xFF,0x31,0xBD,0xC8,0x72,0x48,0x52,0x68,0x52,0x68,0x52,0x27,0x42,0x41,0x08,0x00,0x00,0x00,0x00,0x00,0x00,0x00,0x00,0x00,0x00,
0x85,0x31,0xDA,0xDE,0x13,0xA5,0x81,0x10,0x00,0x00,0x00,0x00,0x00,0x00,0x00,0x00,0x00,0x00,0x00,0x00,0x45,0x29,0x17,0xC6,0x74,0xB5,0x20,0x00,0x00,0x00,0x20,0x00,
0x61,0x08,0x61,0x08,0x61,0x08,0x61,0x08,0x81,0x10,0x61,0x08,0x00,0x00,0xE4,0x10,0x82,0x08,0x03,0x51,0x44,0x71,0xA2,0x48,0xC2,0x48,0xE3,0x40,0x20,0x00,0x48,0x11,
0x89,0x19,0xA9,0x19,0x4C,0x2A,0x4C,0x2A,0x4C,0x2A,0x2B,0x2A,0x4C,0x2A,0x91,0x4B,0x91,0x4B,0x91,0x4B,0x91,0x4B,0xD2,0x53,0xA2,0x10,0x41,0x08,0xA5,0x19,0xA5,0x19,
0xA5,0x19,0x82,0x10,0x00,0x00,0x2F,0x4B,0xD2,0x53,0x47,0x11,0xA5,0x00,0x27,0x11,0xEE,0x42,0x6C,0x32,0x6C,0x32,0xF2,0x5B,0x54,0x64,0x46,0x19,0x8C,0x7B,0x59,0xF7,
0x38,0xF7,0x38,0xF7,0x39,0xF7,0x59,0xF7,0x56,0xDE,0x73,0xBD,0x73,0xBD,0x73,0xB5,0x94,0xBD,0x8C,0x73,0x20,0x00,0x00,0x00,0x00,0x00,0x00,0x00,0x00,0x00,0xA5,0x19,
0xF3,0xA4,0x58,0xCE,0x41,0x08,0x00,0x00,0x00,0x00,0x00,0x00,0x41,0x08,0x61,0x08,0x00,0x00,0x00,0x00,0x00,0x00,0xE3,0x18,0x5B,0xEF,0x89,0x52,0x61,0x08,0x00,0x00,
0x61,0x08,0x61,0x08,0x61,0x08,0x61,0x08,0x61,0x08,0x41,0x08,0x00,0x00,0x00,0x00,0xC3,0x48,0xC6,0x91,0xC5,0x91,0xC6,0x91,0xA2,0x40,0x00,0x00,0xA3,0x08,0xCA,0x19,
0xAA,0x19,0x68,0x11,0x27,0x09,0x06,0x09,0xE6,0x08,0xC6,0x00,0xA5,0x00,0x0B,0x22,0xB2,0x4B,0xB1,0x4B,0x91,0x4B,0xB1,0x4B,0x09,0x2A,0xA2,0x10,0x82,0x10,0xA5,0x19,
0x82,0x10,0xA2,0x10,0x25,0x19,0x0F,0x43,0xA9,0x19,0xE5,0x08,0x6C,0x32,0xD2,0x53,0x70,0x4B,0xE6,0x08,0x50,0x4B,0x54,0x64,0x34,0x64,0xA3,0x08,0xB0,0xA4,0x9A,0xFF,
0x39,0xF7,0x39,0xF7,0x39,0xF7,0x18,0xF7,0x9A,0xFF,0xDB,0xFF,0xDB,0xFF,0xDB,0xFF,0xFC,0xFF,0xBB,0xFF,0x03,0x21,0x00,0x00,0x00,0x00,0x00,0x00,0x00,0x00,0x2C,0x6B,
0xDA,0xDE,0x24,0x21,0x00,0x00,0x00,0x00,0x00,0x00,0x24,0x21,0x0B,0x63,0xEB,0x5A,0xE3,0x18,0x00,0x00,0x00,0x00,0x41,0x08,0x2C,0x6B,0x1B,0xE7,0x65,0x29,0x00,0x00,
0x41,0x08,0x61,0x08,0x61,0x08,0x81,0x08,0x81,0x10,0x61,0x08,0x00,0x00,0x41,0x10,0x85,0x89,0x85,0x89,0xA5,0x91,0xE6,0xA1,0xE3,0x50,0x00,0x00,0x47,0x11,0xE5,0x08,
0x62,0x00,0x00,0x00,0x42,0x00,0x0B,0x22,0x0F,0x43,0xEE,0x42,0xCE,0x3A,0xCE,0x3A,0xB1,0x53,0x91,0x4B,0x91,0x4B,0x91,0x4B,0x14,0x54,0x45,0x19,0x20,0x00,0xA5,0x19,
0x00,0x00,0x66,0x21,0x34,0x64,0x0F,0x43,0x27,0x09,0xEE,0x3A,0xB2,0x53,0xB2,0x4B,0x50,0x4B,0xE6,0x08,0x2F,0x43,0x34,0x5C,0x34,0x64,0xA4,0x08,0x8F,0x9C,0xBA,0xFF,
0x39,0xF7,0x18,0xF7,0x19,0xF7,0x59,0xF7,0x96,0xE6,0xD4,0xDD,0xB3,0xDD,0xD4,0xDD,0x15,0xE6,0x76,0xE6,0xE3,0x20,0x00,0x00,0x00,0x00,0x00,0x00,0x00,0x00,0x2C,0x6B,
0xB5,0xBD,0x00,0x00,0x00,0x00,0x00,0x00,0x61,0x08,0x2B,0x63,0x2B,0x63,0x6D,0x6B,0x28,0x42,0x00,0x00,0x00,0x00,0x00,0x00,0xA5,0x19,0x99,0xD6,0x65,0x29,0x00,0x00,
0x41,0x08,0x81,0x08,0x81,0x08,0x81,0x08,0x81,0x10,0x61,0x08,0x00,0x00,0x41,0x10,0xA5,0x89,0x44,0x81,0xE3,0x68,0x24,0x71,0x81,0x30,0x00,0x00,0x00,0x00,0x00,0x00,
0x61,0x08,0x62,0x08,0xE5,0x10,0xEA,0x21,0x6C,0x2A,0x4C,0x2A,0xAE,0x32,0xF2,0x53,0xD2,0x53,0x91,0x4B,0x91,0x4B,0x91,0x4B,0xD3,0x53,0x46,0x21,0x20,0x00,0xA2,0x10,
0x00,0x00,0x46,0x19,0xD3,0x53,0x71,0x4B,0x50,0x43,0x71,0x4B,0x91,0x4B,0xB1,0x4B,0x50,0x4B,0xE6,0x08,0x50,0x4B,0x34,0x5C,0x33,0x5C,0x83,0x08,0x8F,0x9C,0xBA,0xFF,
0x38,0xF7,0x18,0xF7,0x39,0xF7,0x9A,0xFF,0x31,0xCD,0x09,0x9B,0x29,0xA3,0x4A,0xA3,0x8B,0xAB,0x85,0x41,0x20,0x08,0x00,0x00,0x00,0x00,0x00,0x00,0x00,0x00,0x2C,0x6B,
0x75,0xB5,0x00,0x00,0x00,0x00,0x00,0x00,0x61,0x08,0xCA,0x5A,0x6C,0x6B,0xCA,0x5A,0x61,0x08,0x00,0x00,0x00,0x00,0x00,0x00,0x44,0x29,0x99,0xD6,0x65,0x29,0x00,0x00,
0x61,0x08,0x81,0x10,0x81,0x10,0x81,0x10,0x81,0x10,0x61,0x08,0x00,0x00,0x00,0x00,0x41,0x20,0x82,0x20,0xA2,0x18,0x62,0x10,0x62,0x08,0x61,0x08,0xED,0x4A,0x91,0x53,
0x70,0x4B,0x30,0x43,0xCE,0x3A,0x89,0x11,0xA9,0x19,0x48,0x09,0x07,0x09,0x0B,0x22,0x30,0x43,0xD2,0x53,0x91,0x4B,0xB1,0x4B,0xB2,0x4B,0xB2,0x53,0x25,0x19,0x20,0x00,
0x00,0x00,0x46,0x19,0xD2,0x53,0x91,0x4B,0x91,0x4B,0x91,0x4B,0x91,0x4B,0xB1,0x4B,0x50,0x4B,0xE6,0x08,0x30,0x4B,0x34,0x5C,0x34,0x5C,0x83,0x08,0xF0,0xAC,0xDB,0xFF,
0x18,0xF7,0x38,0xF7,0x39,0xF7,0x39,0xF7,0x39,0xF7,0x39,0xF7,0x39,0xF7,0x7A,0xFF,0x5A,0xF7,0xC3,0x10,0x00,0x00,0x00,0x00,0x00,0x00,0x00,0x00,0x00,0x00,0x2C,0x6B,
0x95,0xB5,0x00,0x00,0x00,0x00,0x00,0x00,0x00,0x00,0x40,0x08,0x28,0x42,0xC2,0x18,0x00,0x00,0x00,0x00,0x00,0x00,0x00,0x00,0x24,0x21,0xBA,0xD6,0x65,0x29,0x00,0x00,
0x61,0x08,0xA2,0x10,0x82,0x10,0x81,0x10,0x82,0x10,0x41,0x08,0x20,0x08,0x8C,0x7B,0x85,0x31,0x25,0x19,0x53,0x6C,0x54,0x6C,0x74,0x6C,0x0E,0x4B,0xCD,0x3A,0x4F,0x4B,
0xD2,0x53,0xCE,0x32,0xCA,0x11,0x2C,0x2A,0x50,0x4B,0xB1,0x53,0xCE,0x3A,0x07,0x09,0x89,0x19,0x0F,0x3B,0xB1,0x53,0x91,0x4B,0xB1,0x4B,0xF3,0x53,0x25,0x19,0x20,0x00,
0x00,0x00,0x46,0x21,0xD2,0x53,0x91,0x4B,0x91,0x4B,0x91,0x4B,0x91,0x4B,0xB1,0x4B,0x50,0x4B,0xE6,0x08,0x30,0x4B,0x34,0x5C,0x34,0x5C,0x05,0x19,0xC6,0x39,0xB7,0xE6,
0x9A,0xFF,0x39,0xF7,0x39,0xF7,0x39,0xF7,0xB7,0xE6,0x97,0xEE,0xF8,0xF6,0xD7,0xF6,0x76,0xE6,0xA5,0x19,0x00,0x00,0x00,0x00,0x00,0x00,0x00,0x00,0x00,0x00,0x4C,0x6B,
0x58,0xCE,0xA5,0x19,0x00,0x00,0x00,0x00,0x00,0x00,0x00,0x00,0x00,0x00,0x00,0x00,0x00,0x00,0x00,0x00,0x00,0x00,0x00,0x00,0xC6,0x39,0x1B,0xE7,0x85,0x31,0x00,0x00,
0x61,0x08,0xA2,0x10,0xA2,0x10,0xA2,0x10,0xA2,0x10,0x20,0x00,0x41,0x08,0xF7,0xF6,0x99,0xF7,0xE6,0x41,0xA8,0x21,0x17,0x7D,0x75,0x6C,0x17,0x7D,0xE9,0x29,0x26,0x11,
0x54,0x64,0xB2,0x53,0xD2,0x53,0xCE,0x3A,0xAA,0x11,0x0F,0x43,0xD2,0x53,0x50,0x43,0x89,0x11,0x4C,0x2A,0xB2,0x53,0x91,0x4B,0x91,0x4B,0xD2,0x53,0x05,0x19,0x20,0x00,
0x00,0x00,0x46,0x19,0xD2,0x53,0x91,0x4B,0x91,0x4B,0x91,0x4B,0x91,0x4B,0xB2,0x53,0x50,0x4B,0xC6,0x00,0x0F,0x43,0x13,0x5C,0x13,0x5C,0x33,0x64,0x25,0x11,0x68,0x52,
0x39,0xF7,0x9A,0xFF,0x59,0xF7,0x9A,0xF7,0xD3,0xDD,0xAC,0xA3,0x07,0x5A,0xC5,0x51,0x64,0x41,0x20,0x08,0x00,0x00,0x00,0x00,0x00,0x00,0x00,0x00,0x00,0x00,0x08,0x42,
0x58,0xCE,0xF3,0xA4,0x00,0x00,0x00,0x00,0x00,0x00,0x00,0x00,0x00,0x00,0x00,0x00,0x00,0x00,0x00,0x00,0x00,0x00,0x82,0x10,0xB9,0xDE,0x91,0x94,0xA5,0x19,0x00,0x00,
0x00,0x00,0x00,0x00,0x00,0x00,0x00,0x00,0x00,0x00,0x00,0x00,0x41,0x00,0x55,0xDE,0xB9,0xFF,0x52,0xB5,0x86,0x29,0x4F,0x4B,0x95,0x6C,0xB5,0x74,0x90,0x5B,0x09,0x2A,
0xAD,0x3A,0xD2,0x53,0xB2,0x53,0xD2,0x53,0x8D,0x32,0x89,0x11,0x91,0x53,0x91,0x4B,0x91,0x4B,0x91,0x4B,0x91,0x4B,0x91,0x4B,0x91,0x4B,0xF3,0x53,0x05,0x19,0x20,0x00,
0x00,0x00,0x66,0x21,0xF3,0x5B,0xB2,0x4B,0x91,0x4B,0x91,0x4B,0x91,0x4B,0xB2,0x53,0x91,0x4B,0x89,0x19,0x07,0x09,0x91,0x4B,0x34,0x64,0x75,0x64,0x2A,0x32,0x00,0x00,
0xD1,0xAC,0x55,0xF6,0x35,0xF6,0x55,0xF6,0x56,0xFE,0x2E,0xC4,0x00,0x00,0x00,0x00,0x00,0x00,0x00,0x00,0x00,0x00,0x00,0x00,0x00,0x00,0x00,0x00,0x00,0x00,0x00,0x00,
0x28,0x4A,0x5C,0xEF,0xCA,0x5A,0x00,0x00,0x00,0x00,0x00,0x00,0x00,0x00,0x00,0x00,0x00,0x00,0x00,0x00,0xA2,0x10,0x50,0x8C,0x37,0xCE,0xA2,0x10,0x00,0x00,0x85,0x31,
0x48,0x4A,0x27,0x4A,0x47,0x4A,0x47,0x4A,0x27,0x42,0x4F,0x94,0xF5,0xCD,0xF7,0xF6,0x18,0xFF,0x9A,0xFF,0x64,0x31,0xA7,0x21,0xF6,0x74,0x74,0x6C,0x17,0x7D,0x6C,0x3A,
0x06,0x11,0xD2,0x53,0xB1,0x4B,0xB1,0x4B,0x91,0x4B,0x50,0x43,0x91,0x4B,0x91,0x4B,0x91,0x4B,0x91,0x4B,0x91,0x4B,0x91,0x4B,0xB2,0x4B,0xF3,0x53,0x05,0x19,0x20,0x00,
0x00,0x00,0x26,0x19,0x50,0x43,0x50,0x43,0xB2,0x4B,0xB1,0x4B,0x91,0x4B,0xB2,0x4B,0xD3,0x53,0x0F,0x43,0x85,0x00,0x91,0x53,0x54,0x64,0x13,0x5C,0x75,0x64,0xA8,0x29,
0x00,0x00,0x8C,0xA3,0xD0,0xDC,0xB0,0xD4,0x11,0xE5,0xCD,0xB3,0x00,0x08,0x00,0x00,0x00,0x00,0x00,0x00,0x00,0x00,0x00,0x00,0x00,0x00,0x00,0x00,0x00,0x00,0x00,0x00,
0x00,0x00,0x8D,0x73,0x1B,0xE7,0x4C,0x6B,0x20,0x00,0x00,0x00,0x00,0x00,0x00,0x00,0x00,0x00,0x04,0x21,0xB6,0xBD,0xFB,0xE6,0x24,0x29,0x00,0x00,0x00,0x00,0x52,0xB5,
0xFD,0xFF,0xFC,0xFF,0xDB,0xFF,0xBA,0xFF,0xBA,0xFF,0x9A,0xFF,0x99,0xFF,0x38,0xF7,0x38,0xF7,0x59,0xFF,0x64,0x31,0xC8,0x29,0xF6,0x74,0x95,0x6C,0xF6,0x7C,0x6B,0x3A,
0x26,0x11,0xD2,0x53,0x91,0x4B,0x91,0x4B,0x91,0x4B,0xB1,0x53,0x91,0x4B,0x91,0x4B,0x91,0x4B,0x91,0x4B,0x91,0x4B,0x91,0x4B,0xD2,0x53,0x13,0x5C,0x05,0x19,0x20,0x00,
0x00,0x00,0x84,0x08,0x89,0x11,0xEB,0x21,0x91,0x4B,0xB2,0x53,0xD2,0x53,0xB2,0x4B,0xB2,0x53,0x91,0x4B,0xAD,0x3A,0x47,0x19,0xAD,0x32,0x30,0x43,0x10,0x43,0x8D,0x32,
0xC9,0x29,0xA3,0x10,0x81,0x10,0x40,0x08,0x61,0x10,0x41,0x10,0x00,0x00,0xA6,0x31,0xAA,0x52,0x89,0x52,0x69,0x4A,0x69,0x4A,0x89,0x52,0x69,0x4A,0x89,0x52,0x89,0x52,
0x69,0x4A,0x8A,0x52,0x13,0xA5,0xDA,0xDE,0x54,0xAD,0x89,0x52,0x8A,0x52,0xAA,0x52,0xAA,0x52,0x38,0xCE,0xF7,0xC5,0xA5,0x19,0x00,0x00,0x00,0x00,0x00,0x00,0xC9,0x62,
0xF0,0xAC,0x8F,0x9C,0x96,0xE6,0x79,0xFF,0x38,0xF7,0x38,0xF7,0x38,0xF7,0x38,0xF7,0x38,0xF7,0x59,0xFF,0x64,0x31,0xE9,0x29,0xF6,0x7C,0x95,0x6C,0xF6,0x7C,0x8B,0x3A,
0xE5,0x10,0xB2,0x53,0x91,0x4B,0x91,0x4B,0x91,0x4B,0x91,0x4B,0x91,0x4B,0x91,0x4B,0x91,0x4B,0x91,0x4B,0x91,0x4B,0xD2,0x53,0x91,0x4B,0x91,0x4B,0xE4,0x10,0x00,0x00,
0x61,0x10,0xA3,0x10,0x06,0x11,0x89,0x19,0xA9,0x19,0x6D,0x2A,0x71,0x4B,0xD2,0x53,0xF3,0x53,0x13,0x5C,0x91,0x53,0xA4,0x00,0x68,0x19,0x6C,0x2A,0xAE,0x32,0xCE,0x3A,
0xCF,0x3A,0x8D,0x32,0x2B,0x2A,0xC9,0x21,0x0A,0x2A,0xC4,0x10,0x00,0x00,0x91,0x94,0xFB,0xE6,0x99,0xD6,0x99,0xD6,0xB9,0xD6,0xB9,0xD6,0xB9,0xD6,0xB9,0xD6,0xB9,0xD6,
0xDA,0xDE,0xF7,0xBD,0x00,0x00,0xE3,0x18,0xB6,0xBD,0x17,0xC6,0xF7,0xC5,0x18,0xC6,0x79,0xD6,0x8D,0x73,0x00,0x00,0x00,0x00,0x00,0x00,0xEA,0x62,0x8C,0x7B,0x6B,0x73,
0x6B,0x7B,0x2A,0x73,0x15,0xD6,0x9A,0xFF,0x39,0xF7,0x38,0xF7,0x38,0xF7,0x38,0xF7,0x59,0xFF,0x38,0xF7,0x44,0x31,0x09,0x32,0x17,0x7D,0xB5,0x74,0xF6,0x7C,0x6B,0x3A,
0xE5,0x10,0xD2,0x53,0xB1,0x4B,0x91,0x4B,0x91,0x4B,0x91,0x4B,0x91,0x4B,0x91,0x4B,0xB2,0x53,0xD2,0x53,0xD2,0x53,0x71,0x4B,0x0B,0x22,0xE5,0x10,0x62,0x08,0x61,0x08,
0xA5,0x19,0xA2,0x10,0x20,0x00,0x89,0x19,0xAA,0x19,0x89,0x11,0x89,0x11,0x8D,0x32,0x30,0x43,0x50,0x43,0xD2,0x53,0x30,0x4B,0xC5,0x08,0x06,0x11,0x0B,0x2A,0xCA,0x21,
0xC9,0x19,0xCA,0x21,0xEA,0x21,0xEB,0x21,0xEA,0x29,0xC3,0x10,0x00,0x00,0x40,0x08,0x61,0x08,0x61,0x08,0x81,0x10,0x82,0x10,0x81,0x10,0x81,0x10,0x61,0x10,0x81,0x10,
0xA2,0x10,0x61,0x08,0x00,0x00,0x00,0x00,0x00,0x00,0x00,0x00,0x00,0x00,0x00,0x00,0x00,0x00,0x00,0x00,0x4F,0x94,0xF1,0xA4,0xD0,0xA4,0x79,0xFF,0xFB,0xFF,0xDB,0xFF,
0xDB,0xFF,0xDB,0xFF,0x79,0xFF,0x59,0xFF,0x59,0xFF,0x59,0xF7,0x38,0xF7,0x59,0xF7,0x18,0xF7,0x52,0xDD,0x61,0x20,0x29,0x32,0x58,0x85,0xF6,0x7C,0x58,0x85,0x8C,0x3A,
0xC4,0x08,0xD2,0x53,0xB2,0x53,0x91,0x4B,0x91,0x4B,0xB1,0x4B,0xB2,0x53,0xF3,0x53,0x71,0x4B,0xEE,0x3A,0xEE,0x3A,0xAA,0x19,0x48,0x19,0x00,0x00,0x82,0x10,0xA5,0x19,
0xA5,0x19,0xA2,0x10,0x41,0x08,0xC4,0x10,0x68,0x11,0xAA,0x19,0x89,0x19,0x69,0x11,0x48,0x09,0xEB,0x21,0xD2,0x53,0xD2,0x53,0xEE,0x42,0xE5,0x08,0x84,0x00,0xC5,0x08,
0xE6,0x08,0xE6,0x08,0x06,0x09,0x83,0x08,0x00,0x00,0x00,0x00,0x83,0x08,0xE5,0x08,0xA4,0x08,0xC4,0x08,0xC4,0x08,0x21,0x00,0x83,0x08,0xC4,0x08,0xC4,0x08,0x83,0x08,
0x00,0x00,0x08,0x4A,0x8D,0x7B,0x4C,0x73,0x6D,0x7B,0xAE,0x7B,0x48,0x4A,0x40,0x00,0x20,0x00,0x61,0x10,0x56,0xDE,0xFB,0xFF,0xFC,0xFF,0x79,0xFF,0x18,0xF7,0x18,0xF7,
0x38,0xF7,0x38,0xF7,0x38,0xF7,0x39,0xF7,0x59,0xF7,0x39,0xF7,0x59,0xF7,0x56,0xEE,0xF1,0xE4,0x0E,0xCC,0xC2,0x20,0xE9,0x29,0xB2,0x53,0x91,0x4B,0xD2,0x53,0xC9,0x29,
0xE4,0x10,0xF3,0x5B,0xD2,0x53,0xD2,0x53,0xD2,0x53,0xF3,0x5B,0x50,0x43,0xAD,0x32,0xEB,0x21,0x28,0x11,0x48,0x11,0x89,0x11,0x47,0x19,0x20,0x00,0x81,0x10,0xA5,0x19,
0xA5,0x19,0xA5,0x19,0xA5,0x19,0x20,0x00,0x62,0x08,0x69,0x19,0xAA,0x19,0x89,0x11,0x89,0x11,0x89,0x19,0xCA,0x19,0xCA,0x19,0xEB,0x19,0x89,0x11,0x89,0x11,0xA9,0x19,
0xCA,0x19,0xCA,0x21,0x68,0x19,0x20,0x00,0x00,0x00,0x06,0x11,0xAA,0x19,0xAA,0x19,0xAA,0x19,0xCA,0x19,0xCA,0x19,0xA4,0x08,0x47,0x11,0xCA,0x19,0xCA,0x19,0x88,0x19,
0x00,0x00,0x0F,0x94,0x99,0xEE,0x38,0xE6,0x58,0xE6,0x79,0xE6,0xF7,0xD5,0x75,0xC5,0xB6,0xCD,0x30,0x94,0x00,0x00,0xA6,0x41,0xA9,0x6A,0xCD,0xAB,0x52,0xFD,0x31,0xF5,
0x52,0xF5,0x72,0xF5,0x52,0xF5,0x52,0xED,0x93,0xF5,0xB3,0xF5,0xB3,0xF5,0x31,0xED,0x2E,0xCC,0x23,0x39,0x05,0x11,0x4C,0x2A,0xEB,0x19,0xEB,0x21,0x4D,0x2A,0xE5,0x10,
0x62,0x08,0x6D,0x32,0x4C,0x2A,0x4C,0x2A,0x4C,0x2A,0x4C,0x2A,0xAA,0x19,0x28,0x09,0x48,0x11,0x89,0x11,0xCA,0x19,0x06,0x11,0x20,0x00,0xA2,0x10,0xA5,0x19,0xA5,0x19,
0xA5,0x19,0xA5,0x19,0xA5,0x19,0xA2,0x10,0x20,0x00,0xA3,0x08,0x68,0x11,0x89,0x19,0x89,0x11,0x89,0x11,0x69,0x11,0x89,0x11,0x89,0x11,0xA9,0x19,0xAA,0x19,0xCA,0x19,
0xA9,0x19,0xC4,0x10,0x00,0x00,0x20,0x00,0x47,0x11,0xAA,0x19,0x89,0x19,0x89,0x11,0x69,0x11,0x89,0x11,0x88,0x11,0x84,0x08,0x27,0x11,0x89,0x11,0x89,0x11,0x47,0x11,
0x00,0x00,0xAE,0x8B,0xF7,0xDD,0xB6,0xCD,0xB6,0xCD,0xB6,0xCD,0xD6,0xD5,0xF7,0xDD,0x18,0xDE,0xB6,0xCD,0x92,0xA4,0xE7,0x41,0x21,0x00,0xC2,0x28,0x07,0x6A,0xE6,0x61,
0x06,0x62,0x07,0x6A,0x27,0x6A,0x27,0x6A,0x48,0x72,0x68,0x72,0x68,0x72,0x68,0x6A,0x81,0x10,0xC4,0x08,0x2C,0x2A,0x4C,0x2A,0x2C,0x2A,0x4C,0x2A,0xC9,0x21,0xC4,0x10,
0x06,0x11,0x68,0x11,0x48,0x11,0x48,0x11,0x69,0x11,0x48,0x11,0x69,0x11,0x89,0x19,0xAA,0x19,0x89,0x19,0xA3,0x08,0x62,0x08,0x61,0x08,0xA5,0x19,0xA5,0x19,0xA5,0x19,
0xA5,0x19,0xA5,0x19,0xA5,0x19,0xA5,0x19,0xA5,0x19,0x00,0x00,0x62,0x08,0x89,0x19,0xA9,0x19,0xAA,0x19,0xAA,0x19,0xAA,0x19,0xAA,0x19,0xCA,0x19,0x68,0x19,0xA4,0x08,
0x82,0x08,0x00,0x00,0x82,0x08,0x68,0x19,0xA9,0x19,0x89,0x11,0x89,0x11,0xCA,0x19,0xCA,0x19,0xAA,0x19,0x89,0x19,0xA4,0x00,0x89,0x19,0x2B,0x22,0x0B,0x22,0x88,0x19,
0x00,0x00,0xAE,0x8B,0x38,0xDE,0x3B,0xEF,0xFA,0xE6,0xFA,0xE6,0x58,0xDE,0xB6,0xCD,0x95,0xCD,0xB6,0xD5,0x38,0xE6,0x18,0xDE,0x75,0xC5,0x61,0x08,0x00,0x00,0x63,0x00,
0x42,0x00,0x22,0x00,0x00,0x00,0x00,0x00,0x00,0x00,0x00,0x00,0x00,0x00,0x00,0x00,0x83,0x08,0xAE,0x32,0x6D,0x2A,0x4C,0x2A,0x4C,0x2A,0x8E,0x32,0x06,0x19,0xA3,0x08,
0xCB,0x19,0x89,0x19,0x89,0x11,0x89,0x11,0x89,0x11,0x89,0x11,0xAA,0x19,0xAA,0x19,0x89,0x19,0xC4,0x10,0x00,0x00,0x61,0x08,0xA5,0x19,0xA5,0x19,0xA5,0x19,0xA5,0x19,
0xA5,0x19,0xA5,0x19,0xA5,0x19,0xA5,0x19,0xA5,0x19,0xC2,0x18,0x82,0x10,0x41,0x08,0x82,0x08,0x83,0x08,0x83,0x08,0x83,0x08,0x83,0x08,0x83,0x08,0x41,0x08,0x00,0x00,
0x41,0x08,0x47,0x19,0xA9,0x19,0xA9,0x19,0x89,0x11,0x89,0x19,0x6C,0x2A,0xB2,0x53,0xB1,0x53,0xB2,0x53,0x70,0x4B,0x07,0x09,0x2F,0x43,0x13,0x5C,0x13,0x5C,0x4F,0x4B,
0x00,0x00,0xAE,0x8B,0x38,0xDE,0x9C,0xF7,0xDD,0xFF,0xBD,0xF7,0xBD,0xF7,0x1B,0xEF,0x99,0xDE,0x79,0xDE,0xB6,0xCD,0xD7,0xD5,0x95,0xCD,0x81,0x18,0xA4,0x08,0xCA,0x19,
0xCA,0x19,0xCA,0x19,0xE5,0x08,0x26,0x11,0x68,0x11,0x68,0x11,0x88,0x19,0xC4,0x08,0x82,0x08,0xC4,0x10,0x26,0x19,0x0B,0x2A,0x4C,0x2A,0xA8,0x21,0x05,0x11,0x68,0x11,
0xCA,0x19,0xAA,0x19,0xAA,0x19,0xAA,0x19,0x8A,0x11,0x8A,0x19,0x48,0x19,0x82,0x08,0x41,0x00,0x00,0x00,0xA2,0x10,0xA5,0x19,0xA5,0x19,0xA5,0x19,0xA5,0x19,0xA5,0x19,
0xA5,0x19,0xA5,0x19,0xA5,0x19,0xA5,0x19,0xA5,0x19,0xA5,0x19,0xA5,0x19,0x81,0x10,0x61,0x08,0x61,0x08,0x00,0x00,0x00,0x00,0x00,0x00,0x00,0x00,0x00,0x00,0xA3,0x08,
0xCA,0x19,0xAA,0x19,0x89,0x11,0x89,0x11,0x47,0x09,0x6D,0x2A,0xF3,0x5B,0xD2,0x53,0xD2,0x53,0xF2,0x53,0x91,0x53,0x48,0x11,0x50,0x43,0x33,0x5C,0x13,0x5C,0x4F,0x4B,
0x00,0x00,0xAE,0x8B,0x17,0xDE,0x7C,0xEF,0xBD,0xF7,0x9C,0xF7,0x9C,0xF7,0xBD,0xF7,0xDD,0xF7,0x9C,0xF7,0x18,0xD6,0xD6,0xD5,0x95,0xC5,0x82,0x18,0xE4,0x08,0xEA,0x19,
0x69,0x11,0x89,0x11,0xE6,0x08,0x48,0x11,0x89,0x11,0x89,0x11,0xA9,0x11,0xEB,0x19,0x26,0x11,0x20,0x00,0x00,0x00,0x00,0x00,0x00,0x00,0x00,0x00,0xA4,0x08,0x68,0x19,
0x47,0x11,0x68,0x11,0x68,0x19,0x68,0x11,0x48,0x11,0x27,0x11,0x20,0x00,0x20,0x08,0x41,0x08,0x81,0x10,0xA5,0x19,0xA5,0x19,0xA5,0x19,0xA5,0x19,0xA5,0x19,0xA5,0x19,
0xA5,0x19,0xA5,0x19,0xA5,0x19,0xA5,0x19,0xA5,0x19,0xA5,0x19,0xA5,0x19,0xA5,0x19,0xA5,0x19,0xA5,0x19,0xA2,0x10,0x82,0x10,0x82,0x10,0x00,0x00,0x06,0x11,0xCA,0x19,
0xA9,0x19,0x89,0x19,0x89,0x11,0x27,0x09,0x4C,0x2A,0xB1,0x4B,0xD2,0x53,0xB2,0x53,0xD2,0x53,0xF2,0x53,0x91,0x53,0x48,0x11,0x0E,0x43,0x70,0x4B,0xD2,0x53,0x2F,0x4B,
0x00,0x00,0xCF,0x93,0x38,0xE6,0x7C,0xEF,0xBD,0xF7,0x9D,0xF7,0x9C,0xF7,0x9C,0xF7,0x9C,0xF7,0x9C,0xF7,0x9C,0xF7,0x17,0xD6,0x75,0xC5,0x41,0x10,0xC9,0x29,0xB2,0x53,
0x4C,0x2A,0x2C,0x2A,0x27,0x11,0xA9,0x19,0xEA,0x21,0x68,0x11,0x69,0x11,0x89,0x11,0x89,0x11,0x89,0x11,0x27,0x11,0xC5,0x08,0xC4,0x08,0x00,0x00,0x00,0x00,0x00,0x00,
0x00,0x00,0x00,0x00,0x00,0x00,0x00,0x00,0x00,0x00,0x20,0x00,0x00,0x00,0xA2,0x10,0xA5,0x19,0xA5,0x19,0xA5,0x19,0xA5,0x19,0xA5,0x19,0xA5,0x19,0xA5,0x19,0xA5,0x19,
0xA5,0x19,0xA5,0x19,0xA5,0x19,0xA5,0x19,0xA5,0x19,0xA5,0x19,0xA5,0x19,0xA5,0x19,0xA5,0x19,0xA5,0x19,0xA5,0x19,0xA5,0x19,0xA2,0x10,0x00,0x00,0x06,0x11,0xAA,0x19,
0x89,0x11,0x69,0x11,0xCA,0x19,0x0F,0x43,0xD2,0x53,0x33,0x5C,0xF3,0x5B,0xF3,0x5B,0xF3,0x5B,0x13,0x5C,0xB2,0x53,0x69,0x11,0x74,0xB5,0xAE,0x6B,0xAE,0x32,0x70,0x4B,
0x00,0x00,0xCE,0x8B,0x38,0xE6,0x7C,0xF7,0xBD,0xF7,0x9D,0xF7,0x9C,0xF7,0x9C,0xF7,0x9C,0xF7,0x9C,0xF7,0x9C,0xF7,0x5B,0xEF,0x58,0xD6,0x20,0x08,0xE9,0x29,0x14,0x5C,
0xF2,0x5B,0xF3,0x5B,0xA9,0x19,0xEF,0x42,0x91,0x53,0xEB,0x21,0x0B,0x22,0x0B,0x22,0x2B,0x22,0x2B,0x22,0xAA,0x19,0x8A,0x11,0xAA,0x19,0x68,0x11,0x27,0x11,0x27,0x11,
0x27,0x11,0x27,0x11,0x06,0x11,0x00,0x00,0x61,0x08,0xA5,0x19,0xA5,0x19,0xA5,0x19,0xA5,0x19,0xA5,0x19,0xA5,0x19,0xA5,0x19,0xA5,0x19,0xA5,0x19,0xA5,0x19,0xA5,0x19,
0xA5,0x19,0xA5,0x19,0xA5,0x19,0xA5,0x19,0xA5,0x19,0xA5,0x19,0xA5,0x19,0xA5,0x19,0xA5,0x19,0xA5,0x19,0xA5,0x19,0xA5,0x19,0xA2,0x10,0x00,0x00,0x06,0x11,0xAA,0x19,
0x89,0x11,0x69,0x11,0xCA,0x21,0x71,0x4B,0x50,0x43,0x2F,0x43,0x30,0x43,0x30,0x43,0x30,0x43,0x30,0x43,0x0F,0x43,0x69,0x11,0x36,0xCE,0x30,0x84,0xCE,0x32,0x4F,0x4B,
0x00,0x00,0x30,0x9C,0xDA,0xF6,0xFF,0xFF,0xFF,0xFF,0xFF,0xFF,0xFF,0xFF,0xFF,0xFF,0xFF,0xFF,0xFF,0xFF,0xFF,0xFF,0xFF,0xFF,0x5C,0xEF,0x41,0x10,0xC9,0x29,0x13,0x5C,
0xF3,0x5B,0x13,0x5C,0xCA,0x19,0xEE,0x3A,0x54,0x64,0x13,0x5C,0x13,0x5C,0x13,0x5C,0x13,0x5C,0x34,0x64,0xB2,0x53,0xAA,0x19,0x48,0x09,0x69,0x11,0x69,0x11,0x69,0x11,
0x89,0x11,0xAA,0x19,0x89,0x19,0x20,0x00,0x61,0x08,0xA5,0x19,0xA5,0x19,0xA5,0x19,0xA5,0x19,0xA5,0x19,0xA5,0x19,0xA5,0x19,0xA5,0x19,0xA5,0x19,0xA5,0x19,0xA5,0x19,
0xA5,0x19,0xA5,0x19,0xA5,0x19,0xA5,0x19,0xA5,0x19,0xA5,0x19,0xA5,0x19,0xA5,0x19,0xA5,0x19,0xA5,0x19,0xA5,0x19,0xA5,0x19,0xA2,0x10,0x00,0x00,0x26,0x11,0xCB,0x19,
0xAA,0x19,0x89,0x11,0x89,0x19,0x0B,0x22,0x0B,0x22,0x0B,0x22,0x0B,0x22,0x0B,0x22,0xEA,0x19,0xEB,0x21,0xAA,0x19,0x69,0x11,0x0A,0x2A,0xA9,0x19,0x30,0x43,0x50,0x4B,
0x00,0x00,0xA6,0x39,0xAA,0x5A,0x0B,0x63,0x0C,0x63,0x0B,0x63,0x0B,0x63,0x0B,0x63,0x0B,0x63,0x0B,0x63,0x0B,0x63,0x0B,0x63,0xCA,0x5A,0x20,0x08,0x09,0x2A,0xF3,0x53,
0x4C,0x2A,0x2C,0x22,0x89,0x11,0xEB,0x21,0x6D,0x2A,0x6C,0x2A,0x6C,0x2A,0x6C,0x2A,0x6C,0x2A,0x6D,0x2A,0x8D,0x32,0x2C,0x2A,0x0B,0x22,0x2B,0x22,0x2C,0x2A,0xEB,0x21,
0x69,0x11,0xAA,0x11,0x68,0x19,0x00,0x00,0x61,0x08,0xA5,0x19,0xA5,0x19,0xA5,0x19,0xA5,0x19,0xA5,0x19,0xA5,0x19,0xA5,0x19,0xA5,0x19,0xA5,0x19,0xA5,0x19,0xA5,0x19,
0xA5,0x19,0xA5,0x19,0xA5,0x19,0xA5,0x19,0xA5,0x19,0xA5,0x19,0xA5,0x19,0xA5,0x19,0xA5,0x19,0xA5,0x19,0xA5,0x19,0xA5,0x19,0xA2,0x10,0x20,0x00,0xC4,0x08,0x06,0x11,
0x47,0x11,0xAA,0x19,0x2C,0x22,0x55,0x64,0x75,0x64,0x34,0x64,0x13,0x5C,0x13,0x5C,0x13,0x5C,0x34,0x64,0xEF,0x3A,0x0C,0x22,0x51,0x43,0x50,0x43,0xF3,0x5B,0x4F,0x4B,
0x00,0x00,0x00,0x00,0x00,0x00,0x00,0x00,0x00,0x00,0x00,0x00,0x00,0x00,0x00,0x00,0x00,0x00,0x00,0x00,0x00,0x00,0x00,0x00,0x00,0x00,0x00,0x00,0x2A,0x32,0x13,0x5C,
0x0F,0x43,0x0F,0x43,0xEB,0x19,0xAD,0x32,0x50,0x43,0x2F,0x43,0x2F,0x43,0x2F,0x43,0x2F,0x43,0x30,0x43,0x30,0x43,0xF3,0x5B,0x54,0x64,0x34,0x5C,0x75,0x64,0x91,0x4B,
0x07,0x09,0x27,0x11,0x26,0x11,0x00,0x00,0x61,0x08,0xA5,0x19,0xA5,0x19,0xA5,0x19,0xA5,0x19,0xA5,0x19,0xA5,0x19,0xA5,0x19,0xA5,0x19,0xA5,0x19,0xA5,0x19,0xA5,0x19,
0xA5,0x19,0xA5,0x19,0xA5,0x19,0xA5,0x19,0xA5,0x19,0xA5,0x19,0xA5,0x19,0xA5,0x19,0xA5,0x19,0xA5,0x19,0xA5,0x19,0xA5,0x19,0xA5,0x19,0xA5,0x19,0x00,0x00,0x00,0x00,
0x41,0x00,0x06,0x11,0x27,0x11,0x0A,0x32,0x2A,0x32,0xF2,0x5B,0x54,0x64,0x34,0x64,0x34,0x64,0x54,0x64,0x34,0x64,0x14,0x5C,0x54,0x64,0x54,0x64,0x54,0x64,0x90,0x53,
0x00,0x00,0x00,0x00,0x00,0x00,0x00,0x00,0x00,0x00,0x00,0x00,0x00,0x00,0x00,0x00,0x00,0x00,0x00,0x00,0x00,0x00,0x00,0x00,0x00,0x00,0x00,0x00,0x4B,0x32,0x75,0x64,
0x54,0x64,0x75,0x64,0x4C,0x2A,0x91,0x4B,0x96,0x6C,0x95,0x6C,0x54,0x64,0x54,0x64,0x74,0x64,0x54,0x64,0x95,0x6C,0xB1,0x53,0x8C,0x3A,0x8C,0x3A,0xAD,0x42,0x09,0x32,
0x00,0x00,0x00,0x00,0x00,0x00,0x00,0x00,0x61,0x08,0xA5,0x19,0xA5,0x19,0xA5,0x19,0xA5,0x19,0xA5,0x19,0xA5,0x19,0xA5,0x19,0xA5,0x19,0xA5,0x19,0xA5,0x19,0xA5,0x19,
0xA5,0x19,0xA5,0x19,0xA5,0x19,0xA5,0x19,0xA5,0x19,0xA5,0x19,0xA5,0x19,0xA5,0x19,0xA5,0x19,0xA5,0x19,0xA5,0x19,0xA5,0x19,0xA5,0x19,0xA5,0x19,0xA5,0x19,0xA5,0x19,
0x20,0x00,0x00,0x00,0x00,0x00,0x00,0x00,0x00,0x00,0xA3,0x10,0xC3,0x10,0xC4,0x10,0xE4,0x10,0xE4,0x10,0x04,0x19,0x04,0x19,0xE4,0x10,0xE4,0x10,0x05,0x19,0xE4,0x10,
0x00,0x00,0x00,0x00,0x00,0x00,0x00,0x00,0x00,0x00,0x00,0x00,0x00,0x00,0x00,0x00,0x00,0x00,0x00,0x00,0x00,0x00,0x00,0x00,0x00,0x00,0x00,0x00,0xC3,0x10,0x66,0x21,
0x46,0x19,0x46,0x21,0xA3,0x08,0x05,0x19,0x46,0x21,0x66,0x21,0x66,0x21,0x05,0x11,0x46,0x19,0x26,0x19,0x46,0x19,0xA3,0x10,0x00,0x00,0x00,0x00,0x00,0x00,0x00,0x00,
0x00,0x00,0x20,0x00,0x82,0x10,0xA2,0x10,0xA5,0x19,0xA5,0x19,0xA5,0x19,0xA5,0x19,0xA5,0x19,0xA5,0x19,0xA5,0x19,0xA5,0x19,0xA5,0x19,0xA5,0x19,0xA5,0x19,0xA5,0x19,
0xA5,0x19,0xA5,0x19,0xA5,0x19,0xA5,0x19,0xA5,0x19,0xA5,0x19,0xA5,0x19,0xA5,0x19,0xA5,0x19,0xA5,0x19,0xA5,0x19,0xA5,0x19,0xA5,0x19,0xA5,0x19,0xA5,0x19,0xA5,0x19,
0x20,0x00,0x20,0x00,0x82,0x10,0x82,0x10,0x81,0x10,0x00,0x00,0x00,0x00,0x00,0x00,0x00,0x00,0x00,0x00,0x00,0x00,0x00,0x00,0x00,0x00,0x00,0x00,0x00,0x00,0x00,0x00,
0x00,0x00,0x00,0x00,0x00,0x00,0x00,0x00,0x00,0x00,0x00,0x00,0x00,0x00,0x00,0x00,0x00,0x00,0x00,0x00,0x00,0x00,0x00,0x00,0x00,0x00,0x00,0x00,0x00,0x00,0x00,0x00,
0x00,0x00,0x00,0x00,0x00,0x00,0x00,0x00,0x00,0x00,0x00,0x00,0xB2,0x9C,0x74,0xB5,0x00,0x00,0x00,0x00,0x00,0x00,0x00,0x00,0x00,0x00,0x00,0x00,0x00,0x00,0x00,0x00,
0x00,0x00,0x20,0x00,0xA5,0x19,0xA5,0x19,0xA5,0x19,0xA5,0x19,0xA5,0x19,0xA5,0x19,0xA5,0x19,0xA5,0x19,0xA5,0x19,0xA5,0x19,0xA5,0x19,0xA5,0x19,0xA5,0x19,0xA5,0x19,
0xA5,0x19,0xA5,0x19,0xA5,0x19,0xA5,0x19,0xA5,0x19,0xA5,0x19,0xA5,0x19,0xA5,0x19,0xA5,0x19,0xA5,0x19,0xA5,0x19,0xA5,0x19,0xA5,0x19,0xA5,0x19,0xA5,0x19,0xE3,0x18,
0x20,0x00,0x41,0x08,0x03,0x21,0xE3,0x18,0x03,0x21,0xE3,0x18,0xE3,0x18,0xA5,0x19,0xA5,0x19,0xA5,0x19,0xA5,0x19,0xE3,0x18,0xE3,0x18,0xE3,0x18,0xE3,0x18,0xA2,0x10,
0x61,0x08,0x00,0x00,0x00,0x00,0x00,0x00,0x00,0x00,0x00,0x00,0x00,0x00,0x00,0x00,0x00,0x00,0x00,0x00,0x00,0x00,0x00,0x00,0x00,0x00,0x61,0x08,0xE3,0x18,0xC2,0x18,
0xC2,0x18,0xA5,0x19,0xC2,0x18,0xA2,0x10,0xC2,0x18,0xA2,0x10,0x07,0x42,0x9D,0xF7,0x89,0x52,0x00,0x00,0x00,0x00,0x00,0x00,0x00,0x00,0x00,0x00,0x00,0x00,0x00,0x00,
0x00,0x00,0x20,0x00,0xA5,0x19,0xA5,0x19,0xA5,0x19,0xA5,0x19,0xA5,0x19,0xA5,0x19,0xA5,0x19,0xA5,0x19,0xA5,0x19,0xA5,0x19,0xA5,0x19,0xA5,0x19,0xA5,0x19,0xA5,0x19,
0xA5,0x19,0xA5,0x19,0xA5,0x19,0xA5,0x19,0xA5,0x19,0xA5,0x19,0xA5,0x19,0xA5,0x19,0xA5,0x19,0xA5,0x19,0xA5,0x19,0xA5,0x19,0xA5,0x19,0xA5,0x19,0xA5,0x19,0xA2,0x10,
0x20,0x00,0x41,0x08,0xE3,0x18,0xE3,0x18,0xE3,0x18,0xE3,0x18,0xE3,0x18,0xE3,0x18,0xE3,0x18,0xE3,0x18,0xE3,0x18,0xE3,0x18,0xE3,0x18,0xE3,0x18,0x03,0x21,0x03,0x21,
0x82,0x10,0x00,0x00,0x00,0x00,0x00,0x00,0x00,0x00,0x00,0x00,0x00,0x00,0x00,0x00,0x00,0x00,0x00,0x00,0x00,0x00,0x00,0x00,0x00,0x00,0x61,0x08,0x03,0x21,0xE3,0x18,
0xE3,0x18,0xE3,0x18,0xE3,0x18,0xE3,0x18,0xE3,0x18,0xE3,0x18,0x61,0x08,0x89,0x52,0x3B,0xE7,0xC7,0x39,0x00,0x00,0x00,0x00,0x00,0x00,0x00,0x00,0x00,0x00,0x00,0x00,
0x00,0x00,0x20,0x00,0xA5,0x19,0xA5,0x19,0xA5,0x19,0xA5,0x19,0xA5,0x19,0xA5,0x19,0xA5,0x19,0xA5,0x19,0xA5,0x19,0xA5,0x19,0xA5,0x19,0xA5,0x19,0xA5,0x19,0xA5,0x19,
0xA5,0x19,0xA5,0x19,0xA5,0x19,0xA5,0x19,0xA5,0x19,0xA5,0x19,0xA5,0x19,0xA5,0x19,0xA5,0x19,0xA5,0x19,0xA5,0x19,0xA5,0x19,0xA5,0x19,0xA5,0x19,0xA5,0x19,0x20,0x00,
0x00,0x00,0xA5,0x19,0x03,0x21,0x03,0x21,0x03,0x21,0xE3,0x18,0xE3,0x18,0xE3,0x18,0xE3,0x18,0xE3,0x18,0xE3,0x18,0xE3,0x18,0xE3,0x18,0xE3,0x18,0xE3,0x18,0x03,0x21,
0x61,0x08,0x41,0x08,0x00,0x00,0x00,0x00,0x00,0x00,0x00,0x00,0x00,0x00,0x00,0x00,0x00,0x00,0x00,0x00,0x00,0x00,0x00,0x00,0x00,0x00,0x41,0x08,0xC2,0x18,0xE3,0x18,
0xA5,0x19,0xA5,0x19,0xA5,0x19,0xA5,0x19,0xA5,0x19,0xE3,0x18,0xE3,0x18,0x00,0x00,0x6D,0x6B,0xF3,0x9C,0x2C,0x63,0x00,0x00,0x00,0x00,0x00,0x00,0x00,0x00,0x00,0x00,
0x00,0x00,0x20,0x00,0xC2,0x18,0xA5,0x19,0xA5,0x19,0xA5,0x19,0xA5,0x19,0xA5,0x19,0xA5,0x19,0xA5,0x19,0xA5,0x19,0xA5,0x19,0xA5,0x19,0xA5,0x19,0xA5,0x19,0xA5,0x19,
0xA5,0x19,0xA5,0x19,0xA5,0x19,0xA5,0x19,0xA5,0x19,0xA5,0x19,0xA5,0x19,0xA5,0x19,0xA5,0x19,0xA5,0x19,0xA5,0x19,0xA5,0x19,0xA5,0x19,0xA5,0x19,0x61,0x08,0x00,0x00,
0x00,0x00,0x61,0x08,0x81,0x10,0x81,0x10,0x81,0x10,0x81,0x10,0xE3,0x18,0xE3,0x18,0xE3,0x18,0xE3,0x18,0xE3,0x18,0xE3,0x18,0xE3,0x18,0xE3,0x18,0xE3,0x18,0xE3,0x18,
0x03,0x21,0x04,0x21,0x20,0x00,0x00,0x00,0x00,0x00,0x00,0x00,0x00,0x00,0xA2,0x10,0xA5,0x19,0x20,0x00,0x00,0x00,0x00,0x00,0x00,0x00,0x00,0x00,0x41,0x08,0xE3,0x18,
0xA5,0x19,0xA5,0x19,0xA5,0x19,0xA5,0x19,0xE3,0x18,0xE3,0x18,0xE3,0x18,0xE3,0x18,0x00,0x00,0xB1,0x94,0xD6,0xBD,0x69,0x4A,0x20,0x00,0x00,0x00,0x00,0x00,0x00,0x00,
0x00,0x00,0x00,0x00,0x20,0x00,0xA5,0x19,0xA5,0x19,0xA5,0x19,0xA5,0x19,0xA5,0x19,0xA5,0x19,0xA5,0x19,0xA5,0x19,0xA5,0x19,0xA5,0x19,0xA5,0x19,0xA5,0x19,0xA5,0x19,
0xA5,0x19,0xA5,0x19,0xA5,0x19,0xA5,0x19,0xA5,0x19,0xA5,0x19,0xA5,0x19,0xA5,0x19,0xA5,0x19,0xA5,0x19,0xA5,0x19,0xA5,0x19,0xA5,0x19,0xA5,0x19,0x20,0x00,0x20,0x00,
0x61,0x08,0x41,0x08,0x41,0x08,0x61,0x08,0x00,0x00,0x20,0x00,0xE3,0x18,0xE3,0x18,0xE3,0x18,0xE3,0x18,0xE3,0x18,0xE3,0x18,0xE3,0x18,0xE3,0x18,0xE3,0x18,0xE3,0x18,
0xE3,0x18,0xE3,0x18,0x20,0x00,0x00,0x00,0x00,0x00,0x00,0x00,0x41,0x08,0xA5,0x19,0xA5,0x19,0x82,0x10,0x20,0x00,0x00,0x00,0x00,0x00,0x00,0x00,0x41,0x08,0xE3,0x18,
0xA5,0x19,0xA5,0x19,0xA5,0x19,0xE3,0x18,0xE3,0x18,0xE3,0x18,0xE3,0x18,0xE3,0x18,0xE3,0x18,0x20,0x00,0x85,0x31,0xFE,0xFF,0x71,0x8C,0x2C,0x63,0x2C,0x63,0x2C,0x63,
0x2C,0x63,0x82,0x10,0x00,0x00,0xA5,0x19,0xA5,0x19,0xA5,0x19,0xA5,0x19,0xA5,0x19,0xA5,0x19,0xA5,0x19,0xA5,0x19,0xA5,0x19,0xA5,0x19,0xA5,0x19,0xA5,0x19,0xA5,0x19,
0xA5,0x19,0xA5,0x19,0xA5,0x19,0xA5,0x19,0xA5,0x19,0xA5,0x19,0xA5,0x19,0xA5,0x19,0xA5,0x19,0xA5,0x19,0xA5,0x19,0xA5,0x19,0xA2,0x10,0x41,0x08,0x40,0x08,0xA5,0x19,
0x04,0x21,0x03,0x21,0x03,0x21,0x04,0x21,0x20,0x00,0xA2,0x10,0xE3,0x18,0xE3,0x18,0xE3,0x18,0xE3,0x18,0xE3,0x18,0xE3,0x18,0xE3,0x18,0xE3,0x18,0xE3,0x18,0xE3,0x18,
0x03,0x21,0x61,0x08,0x00,0x00,0x00,0x00,0x00,0x00,0x00,0x00,0x61,0x08,0xA5,0x19,0xA5,0x19,0xE3,0x18,0x20,0x00,0x00,0x00,0x00,0x00,0x00,0x00,0x20,0x00,0x82,0x10,
0xE3,0x18,0xE3,0x18,0xE3,0x18,0xE3,0x18,0xE3,0x18,0xA5,0x19,0xE3,0x18,0xE3,0x18,0xE3,0x18,0xA2,0x10,0x40,0x08,0x65,0x29,0x75,0xB5,0xDA,0xDE,0x99,0xD6,0xB9,0xD6,
0x99,0xD6,0x03,0x21,0x00,0x00,0xA2,0x10,0xA5,0x19,0xA5,0x19,0xA5,0x19,0xA5,0x19,0xA5,0x19,0xA5,0x19,0xA5,0x19,0xA5,0x19,0xA5,0x19,0xA5,0x19,0xA5,0x19,0xA5,0x19,
0xA5,0x19,0xA5,0x19,0xA5,0x19,0xA5,0x19,0xA5,0x19,0xA5,0x19,0xA5,0x19,0xA5,0x19,0xA5,0x19,0xA5,0x19,0xA5,0x19,0xA5,0x19,0xA2,0x10,0x00,0x00,0x61,0x08,0x44,0x29,
0x03,0x21,0xE3,0x18,0xE3,0x18,0x61,0x08,0x00,0x00,0xA2,0x10,0x03,0x19,0xE3,0x18,0xE3,0x18,0xE3,0x18,0xE3,0x18,0xE3,0x18,0xE3,0x18,0xE3,0x18,0xE3,0x18,0xE3,0x18,
0xA2,0x10,0x20,0x00,0x00,0x00,0x00,0x00,0x00,0x00,0x00,0x00,0x61,0x08,0xA5,0x19,0xA5,0x19,0xA5,0x19,0x20,0x00,0x00,0x00,0x00,0x00,0x00,0x00,0x00,0x00,0x00,0x00,
0xE3,0x18,0xA5,0x19,0xA5,0x19,0xA5,0x19,0xA5,0x19,0xA5,0x19,0xA5,0x19,0xA5,0x19,0xE3,0x18,0xE3,0x18,0x41,0x08,0x00,0x00,0x00,0x00,0x41,0x08,0x41,0x08,0x41,0x08,
0x20,0x00,0x00,0x00,0x00,0x00,0x00,0x00,0xA2,0x10,0xA5,0x19,0xA5,0x19,0xA5,0x19,0xA5,0x19,0xA5,0x19,0xA5,0x19,0xA5,0x19,0xA5,0x19,0xA5,0x19,0xA5,0x19,0xA5,0x19,
0xA5,0x19,0xA5,0x19,0xA5,0x19,0xA5,0x19,0xA5,0x19,0xA5,0x19,0xA5,0x19,0xA5,0x19,0xA5,0x19,0xA5,0x19,0xA5,0x19,0xA5,0x19,0xA2,0x10,0x00,0x00,0x40,0x08,0xE3,0x18,
0x81,0x10,0x00,0x00,0x00,0x00,0x00,0x00,0x41,0x08,0xE3,0x18,0xE3,0x18,0xE3,0x18,0xE3,0x18,0xE3,0x18,0xE3,0x18,0xE3,0x18,0xE3,0x18,0xE3,0x18,0xE3,0x18,0x03,0x21,
0x20,0x00,0x00,0x00,0x00,0x00,0x00,0x00,0x00,0x00,0x00,0x00,0x61,0x08,0xA5,0x19,0xA5,0x19,0xA5,0x19,0x20,0x00,0x00,0x00,0x00,0x00,0x00,0x00,0x00,0x00,0x20,0x00,
0xE3,0x18,0xE3,0x18,0xA5,0x19,0xA5,0x19,0xA5,0x19,0xA5,0x19,0xA5,0x19,0xE3,0x18,0xE3,0x18,0xE3,0x18,0xE3,0x18,0x20,0x00,0x00,0x00,0x82,0x10,0xA2,0x10,0xA2,0x10,
0xA2,0x10,0xA2,0x10,0x00,0x00,0x00,0x00,0xA2,0x10,0xA5,0x19,0xA5,0x19,0xA5,0x19,0xA5,0x19,0xA5,0x19,0xA5,0x19,0xA5,0x19,0xA5,0x19,0xA5,0x19,0xA5,0x19,0xA5,0x19,
0xA5,0x19,0xA5,0x19,0xA5,0x19,0xA5,0x19,0xA5,0x19,0xA5,0x19,0xA5,0x19,0xA5,0x19,0xA5,0x19,0xA5,0x19,0xA5,0x19,0xA5,0x19,0xA5,0x19,0x20,0x00,0x00,0x00,0x00,0x00,
0x00,0x00,0x00,0x00,0x00,0x00,0x00,0x00,0x61,0x08,0x03,0x19,0xE3,0x18,0xE3,0x18,0xE3,0x18,0xE3,0x18,0xE3,0x18,0xE3,0x18,0xE3,0x18,0xE3,0x18,0xE3,0x18,0x04,0x21,
0x41,0x08,0x00,0x00,0x00,0x00,0x00,0x00,0x00,0x00,0x20,0x00,0x61,0x08,0xA5,0x19,0xA5,0x19,0xA5,0x19,0x61,0x08,0x20,0x00,0x00,0x00,0x00,0x00,0x00,0x00,0x00,0x00,
0xA2,0x10,0xE3,0x18,0xA5,0x19,0xA5,0x19,0xA5,0x19,0xA5,0x19,0xE3,0x18,0xE3,0x18,0xE3,0x18,0xE3,0x18,0xE3,0x18,0xA5,0x19,0x20,0x00,0x41,0x08,0xA2,0x10,0x82,0x10,
0x82,0x10,0x82,0x10,0x00,0x00,0x00,0x00,0xA2,0x10,0xA5,0x19,0xA5,0x19,0xA5,0x19,0xA5,0x19,0xA5,0x19,0xA5,0x19,0xA5,0x19,0xA5,0x19,0xA5,0x19,0xA5,0x19,0xA5,0x19,
0xA5,0x19,0xA5,0x19,0xA5,0x19,0xA5,0x19,0xA5,0x19,0xA5,0x19,0xA5,0x19,0xA5,0x19,0xA5,0x19,0xA5,0x19,0xA5,0x19,0xA5,0x19,0xA5,0x19,0x41,0x08,0x00,0x00,0x00,0x00,
0x00,0x00,0x00,0x00,0x00,0x00,0x20,0x00,0xA2,0x10,0xE3,0x18,0xE3,0x18,0xE3,0x18,0xE3,0x18,0xE3,0x18,0xE3,0x18,0xE3,0x18,0xE3,0x18,0xE3,0x18,0xE3,0x18,0x81,0x10,
0x20,0x00,0x00,0x00,0x00,0x00,0x00,0x00,0x00,0x00,0xC2,0x18,0xA5,0x19,0xA5,0x19,0xA5,0x19,0xA5,0x19,0xA5,0x19,0x61,0x08,0x00,0x00,0x00,0x00,0x00,0x00,0x00,0x00,
0x20,0x00,0xE3,0x18,0xE3,0x18,0xA5,0x19,0xA5,0x19,0xE3,0x18,0xE3,0x18,0xE3,0x18,0xE3,0x18,0xE3,0x18,0xE3,0x18,0xE3,0x18,0x82,0x10,0x20,0x00,0x00,0x00,0x00,0x00,
0x00,0x00,0x00,0x00,0x00,0x00,0x00,0x00,0xA2,0x10,0xA5,0x19,0xA5,0x19,0xA5,0x19,0xA5,0x19,0xA5,0x19,0xA5,0x19,0xA5,0x19,0xA5,0x19,0xA5,0x19,0xA5,0x19,0xA5,0x19,
0xA5,0x19,0xA5,0x19,0xA5,0x19,0xA5,0x19,0xA5,0x19,0xA5,0x19,0xA5,0x19,0xA5,0x19,0xA5,0x19,0xA5,0x19,0xA5,0x19,0xA5,0x19,0xA5,0x19,0x61,0x08,0x00,0x00,0x00,0x00,
0x00,0x00,0x00,0x00,0x00,0x00,0x81,0x10,0xE3,0x18,0xE3,0x18,0xE3,0x18,0xE3,0x18,0xE3,0x18,0xE3,0x18,0xE3,0x18,0xE3,0x18,0xE3,0x18,0xE3,0x18,0xE3,0x18,0x00,0x00,
0x00,0x00,0x00,0x00,0x00,0x00,0x00,0x00,0x00,0x00,0xA2,0x10,0xA5,0x19,0xA5,0x19,0xA5,0x19,0xA5,0x19,0xA5,0x19,0x61,0x08,0x00,0x00,0x00,0x00,0x00,0x00,0x00,0x00,
0x00,0x00,0x82,0x10,0xE3,0x18,0xA5,0x19,0xA5,0x19,0xE3,0x18,0xE3,0x18,0xE3,0x18,0xE3,0x18,0xE3,0x18,0xE3,0x18,0xE3,0x18,0x03,0x21,0xE3,0x18,0x40,0x08,0x00,0x00,
0x00,0x00,0x00,0x00,0x00,0x00,0x00,0x00,0xA2,0x10,0xA5,0x19,0xA5,0x19,0xA5,0x19,0xA5,0x19,0xA5,0x19,0xA5,0x19,0xA5,0x19,0xA5,0x19,0xA5,0x19,0xA5,0x19,0xA5,0x19,
0xA5,0x19,0xA5,0x19,0xA5,0x19,0xA5,0x19,0xA5,0x19,0xA5,0x19,0xA5,0x19,0xA5,0x19,0xA5,0x19,0xA5,0x19,0xA5,0x19,0xA5,0x19,0xA5,0x19,0xA5,0x19,0x20,0x00,0x00,0x00,
0x40,0x08,0xA2,0x10,0xA2,0x10,0xC2,0x18,0xE3,0x18,0xE3,0x18,0xE3,0x18,0xE3,0x18,0xE3,0x18,0xE3,0x18,0xE3,0x18,0xE3,0x18,0xE3,0x18,0xE3,0x18,0xE3,0x18,0x00,0x00,
0x00,0x00,0x00,0x00,0x00,0x00,0x00,0x00,0x00,0x00,0xA2,0x10,0xA5,0x19,0xA5,0x19,0xA5,0x19,0xA5,0x19,0xA5,0x19,0x61,0x08,0x00,0x00,0x00,0x00,0x00,0x00,0x00,0x00,
0x00,0x00,0x40,0x08,0xE3,0x18,0xA5,0x19,0xE3,0x18,0xE3,0x18,0xA5,0x19,0xE3,0x18,0xE3,0x18,0xE3,0x18,0xE3,0x18,0xE3,0x18,0xE3,0x18,0xE3,0x18,0xE3,0x18,0xA2,0x10,
0x00,0x00,0x00,0x00,0x00,0x00,0x20,0x00,0xA5,0x19,0xA5,0x19,0xA5,0x19,0xA5,0x19,0xA5,0x19,0xA5,0x19,0xA5,0x19,0xA5,0x19,0xA5,0x19,0xA5,0x19,0xA5,0x19,0xA5,0x19,
0xA5,0x19,0xA5,0x19,0xA5,0x19,0xA5,0x19,0xA5,0x19,0xA5,0x19,0xA5,0x19,0xA5,0x19,0xA5,0x19,0xA5,0x19,0xA5,0x19,0xA5,0x19,0xA5,0x19,0xA5,0x19,0x40,0x08,0x00,0x00,
0x61,0x08,0x24,0x21,0x24,0x21,0x03,0x21,0x03,0x21,0x03,0x21,0x03,0x21,0x04,0x21,0xE3,0x18,0xE3,0x18,0x03,0x21,0xE3,0x18,0xE3,0x18,0x03,0x21,0x81,0x10,0x00,0x00,
0x00,0x00,0x00,0x00,0x00,0x00,0x00,0x00,0x00,0x00,0xA2,0x10,0xA5,0x19,0xA5,0x19,0xA5,0x19,0xA5,0x19,0xA5,0x19,0x61,0x08,0x00,0x00,0x00,0x00,0x00,0x00,0x00,0x00,
0x00,0x00,0x41,0x08,0xE3,0x18,0xE3,0x18,0xE3,0x18,0xE3,0x18,0xE3,0x18,0xE3,0x18,0xE3,0x18,0xE3,0x18,0xE3,0x18,0xE3,0x18,0xE3,0x18,0x03,0x21,0x03,0x21,0xE3,0x18,
0x41,0x08,0x00,0x00,0x00,0x00,0x40,0x08,0xA5,0x19,0xA5,0x19,0xA5,0x19,0xA5,0x19,0xA5,0x19,0xA5,0x19,0xA5,0x19,0xA5,0x19,0xA5,0x19,0xA5,0x19,0xA5,0x19,0xA5,0x19,
0xA5,0x19,0xA5,0x19,0xA5,0x19,0xA5,0x19,0xA5,0x19,0xA5,0x19,0xA5,0x19,0xA5,0x19,0xA5,0x19,0xA5,0x19,0xA5,0x19,0xA5,0x19,0xA5,0x19,0xA5,0x19,0x41,0x08,0x00,0x00,
0x41,0x08,0x04,0x21,0xC2,0x18,0xA2,0x10,0xA2,0x10,0x82,0x10,0xA2,0x10,0xA2,0x10,0xE3,0x18,0x24,0x21,0x03,0x21,0xE3,0x18,0x03,0x21,0x03,0x21,0x20,0x00,0x00,0x00,
0x00,0x00,0x00,0x00,0x00,0x00,0x00,0x00,0x00,0x00,0xA2,0x10,0xA5,0x19,0xA5,0x19,0xA5,0x19,0xA5,0x19,0xA5,0x19,0x61,0x08,0x00,0x00,0x00,0x00,0x00,0x00,0x00,0x00,
0x00,0x00,0x41,0x08,0x03,0x21,0xE3,0x18,0xE3,0x18,0xE3,0x18,0xE3,0x18,0xE3,0x18,0xE3,0x18,0xE3,0x18,0xE3,0x18,0xA5,0x19,0xA5,0x19,0xE3,0x18,0x03,0x21,0x24,0x21,
0xA5,0x19,0x41,0x08,0x00,0x00,0x00,0x00,0x81,0x10,0xA5,0x19,0xA5,0x19,0xA5,0x19,0xA5,0x19,0xA5,0x19,0xA5,0x19,0xA5,0x19,0xA5,0x19,0xA5,0x19,0xA5,0x19,0xA5,0x19,
0xA5,0x19,0xA5,0x19,0xA5,0x19,0xA5,0x19,0xA5,0x19,0xA5,0x19,0xA5,0x19,0xA5,0x19,0xA5,0x19,0xA5,0x19,0xA5,0x19,0xA5,0x19,0xA2,0x10,0x61,0x08,0x20,0x00,0x00,0x00,
0x20,0x00,0xA2,0x10,0x00,0x00,0x00,0x00,0x00,0x00,0x00,0x00,0x00,0x00,0x00,0x00,0x41,0x08,0x82,0x10,0xE3,0x18,0x04,0x21,0x03,0x21,0x04,0x21,0x20,0x00,0x00,0x00,
0x00,0x00,0x00,0x00,0x00,0x00,0x00,0x00,0x00,0x00,0xA2,0x10,0xA5,0x19,0xA5,0x19,0xA5,0x19,0xA5,0x19,0xA5,0x19,0x82,0x10,0x00,0x00,0x00,0x00,0x00,0x00,0x00,0x00,
0x00,0x00,0x00,0x00,0xA2,0x10,0xE3,0x18,0xE3,0x18,0xE3,0x18,0xE3,0x18,0x03,0x21,0xA2,0x10,0x00,0x00,0x00,0x00,0x00,0x00,0x00,0x00,0x00,0x00,0x41,0x08,0xE3,0x18,
0x44,0x21,0x23,0x21,0x61,0x08,0x00,0x00,0x41,0x08,0xA5,0x19,0xA5,0x19,0xA5,0x19,0xA5,0x19,0xA5,0x19,0xA5,0x19,0xA5,0x19,0xA5,0x19,0xA5,0x19,0xA5,0x19,0xA5,0x19,
0xA5,0x19,0xA5,0x19,0xA5,0x19,0xA5,0x19,0xA5,0x19,0xA5,0x19,0xA5,0x19,0xA5,0x19,0xA5,0x19,0xA5,0x19,0xA5,0x19,0xA5,0x19,0xA2,0x10,0x00,0x00,0x00,0x00,0x00,0x00,
0x00,0x00,0x00,0x00,0xA5,0x19,0x03,0x19,0x03,0x19,0xE3,0x18,0xE3,0x18,0x03,0x21,0xA2,0x10,0x41,0x08,0x41,0x08,0x61,0x08,0x04,0x21,0x04,0x21,0x20,0x00,0x00,0x00,
0x00,0x00,0x00,0x00,0x00,0x00,0x00,0x00,0x00,0x00,0xC2,0x18,0xA5,0x19,0xA5,0x19,0xA5,0x19,0xA5,0x19,0xA5,0x19,0xA5,0x19,0x61,0x10,0x00,0x00,0x00,0x00,0x00,0x00,
0x00,0x00,0x00,0x00,0x61,0x08,0x03,0x21,0xE3,0x18,0xA5,0x19,0x61,0x08,0x00,0x00,0x41,0x08,0x81,0x10,0x61,0x08,0x61,0x08,0x61,0x08,0x61,0x08,0x20,0x00,0x00,0x00,
0x61,0x08,0x04,0x21,0x24,0x21,0x61,0x08,0x00,0x00,0x61,0x08,0xA5,0x19,0xA5,0x19,0xA5,0x19,0xA5,0x19,0xA5,0x19,0xA5,0x19,0xA5,0x19,0xA5,0x19,0xA5,0x19,0xA5,0x19,
0xA5,0x19,0xA5,0x19,0xA5,0x19,0xA5,0x19,0xA5,0x19,0xA5,0x19,0xA5,0x19,0xA5,0x19,0xA5,0x19,0xA5,0x19,0xA5,0x19,0xA5,0x19,0xA2,0x10,0x00,0x00,0x00,0x00,0x00,0x00,
0x20,0x00,0xA5,0x19,0xE3,0x18,0x24,0x21,0x24,0x21,0x24,0x21,0x24,0x21,0x24,0x21,0x24,0x21,0x24,0x21,0xA2,0x10,0x61,0x08,0x20,0x00,0x20,0x00,0x00,0x00,0x00,0x00,
0x00,0x00,0x00,0x00,0x00,0x00,0x00,0x00,0x00,0x00,0xC2,0x10,0xA5,0x19,0xA5,0x19,0xA5,0x19,0xA5,0x19,0xA5,0x19,0xA5,0x19,0x82,0x10,0x00,0x00,0x00,0x00,0x00,0x00,
0x00,0x00,0x00,0x00,0x81,0x10,0x24,0x21,0x82,0x10,0x00,0x00,0x00,0x00,0x81,0x08,0xA5,0x19,0x24,0x21,0x24,0x21,0x24,0x21,0x24,0x21,0x24,0x21,0x03,0x21,0x81,0x10,
0x00,0x00,0xA2,0x10,0x24,0x21,0xA2,0x10,0x00,0x00,0x41,0x08,0xA5,0x19,0xA5,0x19,0xA5,0x19,0xA5,0x19,0xA5,0x19,0xA5,0x19,0xA5,0x19,0xA5,0x19,0xA5,0x19,0xA5,0x19,
0xA5,0x19,0xA5,0x19,0xA5,0x19,0xA5,0x19,0xA5,0x19,0xA5,0x19,0xA5,0x19,0xA5,0x19,0xA5,0x19,0xA5,0x19,0xA5,0x19,0xA5,0x19,0xA2,0x10,0x20,0x00,0x00,0x00,0x00,0x00,
0x00,0x00,0x00,0x00,0x61,0x10,0xE3,0x18,0xE3,0x18,0xE3,0x18,0xE3,0x18,0xE3,0x18,0x03,0x21,0x24,0x21,0x44,0x29,0x44,0x21,0x82,0x10,0x00,0x00,0x00,0x00,0x00,0x00,
0x00,0x00,0x00,0x00,0x00,0x00,0x00,0x00,0x00,0x00,0xA5,0x19,0xA5,0x19,0xA5,0x19,0xA5,0x19,0xA5,0x19,0xA5,0x19,0xA5,0x19,0x81,0x10,0x00,0x00,0x00,0x00,0x00,0x00,
0x00,0x00,0x00,0x00,0x20,0x00,0x61,0x08,0x00,0x00,0x41,0x08,0xE3,0x18,0x03,0x21,0x03,0x21,0xE3,0x18,0x03,0x19,0x03,0x21,0x03,0x21,0x03,0x21,0x03,0x21,0x03,0x21,
0x20,0x00,0x00,0x00,0x82,0x10,0xC2,0x18,0x00,0x00,0x61,0x08,0xA5,0x19,0xA5,0x19,0xA5,0x19,0xA5,0x19,0xA5,0x19,0xA5,0x19,0xA5,0x19,0xA5,0x19,0xA5,0x19,0xA5,0x19,
0xA5,0x19,0xA5,0x19,0xA5,0x19,0xA5,0x19,0xA5,0x19,0xA5,0x19,0xA5,0x19,0xA5,0x19,0xA5,0x19,0xA5,0x19,0xA5,0x19,0xA5,0x19,0xA5,0x19,0xA5,0x19,0x41,0x08,0x00,0x00,
0x00,0x00,0x00,0x00,0x00,0x00,0x00,0x00,0x00,0x00,0x00,0x00,0x00,0x00,0x00,0x00,0x41,0x08,0x03,0x21,0x44,0x21,0x44,0x21,0x44,0x29,0x03,0x19,0x00,0x00,0x00,0x00,
0x00,0x00,0x00,0x00,0x00,0x00,0x00,0x00,0x00,0x00,0xA2,0x10,0xA5,0x19,0xA5,0x19,0xA5,0x19,0xA5,0x19,0xA5,0x19,0xA5,0x19,0x61,0x08,0x00,0x00,0x00,0x00,0x00,0x00,
0x00,0x00,0x00,0x00,0x00,0x00,0x00,0x00,0x61,0x08,0x03,0x21,0x24,0x21,0x03,0x21,0xE3,0x18,0x00,0x00,0x00,0x00,0x00,0x00,0x00,0x00,0x00,0x00,0x00,0x00,0x00,0x00,
0x00,0x00,0x00,0x00,0x41,0x08,0x61,0x08,0x00,0x00,0x61,0x08,0xA5,0x19,0xA5,0x19,0xA5,0x19,0xA5,0x19,0xA5,0x19,0xA5,0x19,0xA5,0x19,0xA5,0x19,0xA5,0x19,0xA5,0x19,
0xA5,0x19,0xA5,0x19,0xA5,0x19,0xA5,0x19,0xA5,0x19,0xA5,0x19,0xA5,0x19,0xA5,0x19,0xA5,0x19,0xA5,0x19,0xA5,0x19,0xA5,0x19,0xA5,0x19,0xA5,0x19,0x61,0x08,0x00,0x00,
0xC2,0x18,0x0F,0x84,0x71,0x94,0x71,0x8C,0x91,0x94,0xB1,0x94,0xB1,0x94,0x50,0x8C,0x03,0x21,0x00,0x00,0xE3,0x18,0x24,0x21,0x44,0x21,0x24,0x21,0xE3,0x18,0x20,0x00,
0x00,0x00,0x00,0x00,0x00,0x00,0x00,0x00,0x00,0x00,0xA2,0x10,0xA5,0x19,0xA5,0x19,0xA5,0x19,0xA5,0x19,0xA5,0x19,0xA5,0x19,0x61,0x08,0x00,0x00,0x00,0x00,0x00,0x00,
0x00,0x00,0x00,0x00,0x00,0x00,0x61,0x08,0xE3,0x18,0x24,0x21,0x23,0x21,0x61,0x08,0x00,0x00,0xA5,0x19,0x69,0x4A,0x69,0x4A,0x69,0x4A,0x69,0x4A,0x69,0x4A,0x8A,0x52,
0x65,0x29,0x00,0x00,0x00,0x00,0x00,0x00,0x20,0x00,0x81,0x10,0xA5,0x19,0xA5,0x19,0xA5,0x19,0xA5,0x19,0xA5,0x19,0xA5,0x19,0xA5,0x19,0xA5,0x19,0xA5,0x19,0xA5,0x19,
0xA5,0x19,0xA5,0x19,0xA5,0x19,0xA5,0x19,0xA5,0x19,0xA5,0x19,0xA5,0x19,0xA5,0x19,0xA5,0x19,0xA5,0x19,0xA5,0x19,0xA5,0x19,0xA5,0x19,0xA5,0x19,0x61,0x08,0x00,0x00,
0xA5,0x19,0x17,0xC6,0x1B,0xE7,0xDA,0xDE,0xFB,0xE6,0x1B,0xE7,0xDA,0xDE,0xFF,0xFF,0x5C,0xEF,0x24,0x21,0x00,0x00,0x61,0x08,0xE3,0x18,0x44,0x21,0x44,0x29,0x41,0x08,
0x00,0x00,0x00,0x00,0x00,0x00,0x00,0x00,0x00,0x00,0xA2,0x10,0xA5,0x19,0xA5,0x19,0xA5,0x19,0xA5,0x19,0xA5,0x19,0xA5,0x19,0x61,0x08,0x00,0x00,0x00,0x00,0x00,0x00,
0x00,0x00,0x00,0x00,0x61,0x08,0x03,0x21,0x24,0x21,0x03,0x21,0x00,0x00,0x00,0x00,0x48,0x4A,0xDA,0xDE,0xFF,0xFF,0xDE,0xFF,0xDD,0xFF,0xDE,0xFF,0xFE,0xFF,0xFF,0xFF,
0x71,0x94,0x00,0x00,0x00,0x00,0x00,0x00,0x82,0x10,0xA5,0x19,0xA5,0x19,0xA5,0x19,0xA5,0x19,0xA5,0x19,0xA5,0x19,0xA5,0x19,0xA5,0x19,0xA5,0x19,0xA5,0x19,0xA5,0x19,
0xA5,0x19,0xA5,0x19,0xA5,0x19,0xA5,0x19,0xA5,0x19,0xA5,0x19,0xA5,0x19,0xA5,0x19,0xA5,0x19,0xA5,0x19,0xA5,0x19,0xA5,0x19,0xA5,0x19,0xA2,0x10,0x20,0x00,0x89,0x52,
0x0F,0x84,0x81,0x10,0xC2,0x10,0xC2,0x18,0xC2,0x18,0x81,0x10,0x0B,0x63,0x9D,0xF7,0xBE,0xF7,0x54,0xAD,0xE7,0x39,0x00,0x00,0x20,0x00,0x81,0x10,0x61,0x08,0x00,0x00,
0x00,0x00,0x00,0x00,0x00,0x00,0x00,0x00,0x61,0x08,0xA5,0x19,0xA5,0x19,0xA5,0x19,0xA5,0x19,0xA5,0x19,0xA5,0x19,0xA5,0x19,0x81,0x10,0x00,0x00,0x00,0x00,0x00,0x00,
0x00,0x00,0x00,0x00,0x61,0x08,0x24,0x21,0xE3,0x18,0x41,0x08,0x69,0x4A,0x48,0x4A,0xEA,0x5A,0xFF,0xFF,0xD6,0xBD,0xA6,0x31,0xC6,0x31,0xA6,0x31,0xA6,0x31,0x86,0x31,
0x69,0x4A,0x50,0x8C,0x61,0x08,0x00,0x00,0x82,0x10,0xA5,0x19,0xA5,0x19,0xA5,0x19,0xA5,0x19,0xA5,0x19,0xA5,0x19,0xA5,0x19,0xA5,0x19,0xA5,0x19,0xA5,0x19,0xA5,0x19,
0xA5,0x19,0xA5,0x19,0xA5,0x19,0xA5,0x19,0xA5,0x19,0xA5,0x19,0xA5,0x19,0xA5,0x19,0xA5,0x19,0xA5,0x19,0xA5,0x19,0xA5,0x19,0xE3,0x18,0x20,0x00,0x00,0x00,0xF3,0x9C,
0xDE,0xFF,0x33,0xA5,0x54,0xAD,0x54,0xAD,0x74,0xAD,0x50,0x84,0x74,0xAD,0x3C,0xE7,0x85,0x31,0xDE,0xFF,0x71,0x8C,0x00,0x00,0x00,0x00,0x00,0x00,0x00,0x00,0x00,0x00,
0x00,0x00,0x00,0x00,0x00,0x00,0x00,0x00,0xA5,0x19,0xA5,0x19,0xA5,0x19,0xA5,0x19,0xA5,0x19,0xA5,0x19,0xA5,0x19,0xA5,0x19,0xA5,0x19,0x81,0x10,0x00,0x00,0x00,0x00,
0x00,0x00,0x00,0x00,0x00,0x00,0x20,0x00,0x20,0x00,0x00,0x00,0x37,0xC6,0x5C,0xEF,0x61,0x08,0x95,0xB5,0xF6,0xBD,0xE7,0x39,0x2C,0x63,0x0B,0x63,0xEB,0x5A,0xCA,0x5A,
0x71,0x8C,0xFE,0xFF,0x28,0x42,0x20,0x00,0xA2,0x10,0xA5,0x19,0xA5,0x19,0xA5,0x19,0xA5,0x19,0xA5,0x19,0xA5,0x19,0xA5,0x19,0xA5,0x19,0xA5,0x19,0xA5,0x19,0xA5,0x19,
0xA5,0x19,0xA5,0x19,0xA5,0x19,0xA5,0x19,0xA5,0x19,0xA5,0x19,0xA5,0x19,0xA5,0x19,0xA5,0x19,0xA5,0x19,0xA5,0x19,0xA5,0x19,0xA2,0x10,0x00,0x00,0x40,0x08,0xB6,0xB5,
0xFA,0xDE,0x1B,0xE7,0x1B,0xE7,0x1B,0xE7,0x3C,0xEF,0xBD,0xF7,0xB5,0xB5,0xAA,0x52,0x00,0x00,0x58,0xCE,0x54,0xAD,0x00,0x00,0x00,0x00,0x00,0x00,0x00,0x00,0x00,0x00,
0x00,0x00,0x00,0x00,0x00,0x00,0x20,0x00,0xA5,0x19,0xA5,0x19,0xA5,0x19,0xA5,0x19,0xA5,0x19,0xA5,0x19,0xA5,0x19,0xA5,0x19,0xA5,0x19,0xA2,0x10,0x20,0x00,0x00,0x00,
0x00,0x00,0x00,0x00,0x00,0x00,0x00,0x00,0x00,0x00,0x00,0x00,0xAD,0x73,0xD2,0x9C,0x81,0x10,0xE7,0x39,0xCE,0x7B,0x5C,0xEF,0xFF,0xFF,0xBD,0xF7,0xBD,0xF7,0xDD,0xFF,
0x9D,0xF7,0x7D,0xEF,0x5C,0xEF,0xE3,0x18,0x61,0x08,0xA5,0x19,0xA5,0x19,0xA5,0x19,0xA5,0x19,0xA5,0x19,0xA5,0x19,0xA5,0x19,0xA5,0x19,0xA5,0x19,0xA5,0x19,0xA5,0x19,
0xA5,0x19,0xA5,0x19,0xA5,0x19,0xA5,0x19,0xA5,0x19,0xA5,0x19,0xA5,0x19,0xA5,0x19,0xA5,0x19,0xA5,0x19,0xA5,0x19,0xA2,0x10,0x00,0x00,0x20,0x00,0x61,0x08,0xA2,0x10,
0xC3,0x10,0xE3,0x18,0xE3,0x18,0xA2,0x10,0x40,0x00,0xBA,0xD6,0xBA,0xDE,0x81,0x10,0x4C,0x6B,0xB5,0xB5,0x13,0xA5,0x00,0x00,0x00,0x00,0xA6,0x39,0xA6,0x39,0x00,0x00,
0x00,0x00,0x00,0x00,0x00,0x00,0xA2,0x10,0xA5,0x19,0xA5,0x19,0xA5,0x19,0xA5,0x19,0xA5,0x19,0xA5,0x19,0xA5,0x19,0xA5,0x19,0xA5,0x19,0xA5,0x19,0x61,0x08,0x00,0x00,
0x00,0x00,0x00,0x00,0x00,0x00,0x00,0x00,0x00,0x00,0x00,0x00,0x0B,0x63,0x0F,0x84,0x61,0x08,0x81,0x08,0x71,0x8C,0xFF,0xFF,0xEB,0x5A,0xA2,0x10,0xE3,0x18,0xE3,0x18,
0x03,0x21,0x24,0x21,0x44,0x29,0x00,0x00,0x00,0x00,0x81,0x10,0xA5,0x19,0xA5,0x19,0xA5,0x19,0xA5,0x19,0xA5,0x19,0xA5,0x19,0xA5,0x19,0xA5,0x19,0xA5,0x19,0xA5,0x19,
0xA5,0x19,0xA5,0x19,0xA5,0x19,0xA5,0x19,0xA5,0x19,0xA5,0x19,0xA5,0x19,0xA5,0x19,0xA5,0x19,0xA5,0x19,0xA2,0x10,0x40,0x08,0x40,0x08,0x6F,0x53,0x75,0x6C,0x13,0x5C,
0x13,0x5C,0x33,0x64,0x74,0x64,0x0E,0x4B,0x00,0x00,0x28,0x42,0x08,0x42,0xC6,0x39,0xFF,0xFF,0xFF,0xFF,0x30,0x84,0x82,0x10,0xB2,0xA4,0x38,0xDE,0x8D,0x7B,0x00,0x00,
0x00,0x00,0x00,0x00,0x00,0x00,0xA5,0x19,0xA5,0x19,0xA5,0x19,0xA5,0x19,0xA5,0x19,0xA5,0x19,0xA5,0x19,0xA5,0x19,0xA5,0x19,0xA5,0x19,0xA5,0x19,0x61,0x08,0x00,0x00,
0x00,0x00,0x00,0x00,0x04,0x21,0x75,0xB5,0xE7,0x41,0x00,0x00,0xAA,0x52,0x5D,0xEF,0x58,0xCE,0x07,0x42,0x17,0xC6,0x92,0x94,0x82,0x08,0xE4,0x10,0xE4,0x10,0xE4,0x10,
0xE4,0x10,0xC3,0x10,0xC3,0x10,0x45,0x19,0xE3,0x10,0x00,0x00,0x82,0x10,0xA5,0x19,0xA5,0x19,0xA5,0x19,0xA5,0x19,0xA5,0x19,0xA5,0x19,0xA5,0x19,0xA5,0x19,0xA5,0x19,
0xA5,0x19,0xA5,0x19,0xA5,0x19,0xA5,0x19,0xA5,0x19,0xA5,0x19,0xA5,0x19,0xA5,0x19,0xA5,0x19,0xA2,0x10,0x41,0x08,0xC3,0x10,0x33,0x64,0xF6,0x6C,0xD6,0x6C,0xD6,0x6C,
0xD6,0x6C,0xD6,0x6C,0xF7,0x74,0xB6,0x74,0x13,0x64,0x41,0x00,0x00,0x00,0x24,0x21,0xDA,0xDE,0xFF,0xFF,0x99,0xD6,0x99,0xDE,0xF6,0xCD,0x2C,0x6B,0x00,0x00,0x00,0x00,
0x41,0x08,0x20,0x00,0x00,0x00,0xA2,0x10,0xA5,0x19,0xA5,0x19,0xA5,0x19,0xA5,0x19,0xA5,0x19,0xA5,0x19,0xA5,0x19,0xA5,0x19,0xA5,0x19,0xA5,0x19,0x61,0x08,0x00,0x00,
0x00,0x00,0x00,0x00,0x61,0x08,0x10,0x8C,0xBA,0xDE,0x4C,0x6B,0xEB,0x5A,0xFF,0xFF,0x9D,0xF7,0x85,0x31,0x20,0x00,0x00,0x00,0xED,0x42,0xF7,0x74,0xB6,0x6C,0xB6,0x6C,
0xB6,0x6C,0x96,0x6C,0xB6,0x6C,0x18,0x75,0x13,0x64,0x86,0x21,0x40,0x08,0xA5,0x19,0xA5,0x19,0xA5,0x19,0xA5,0x19,0xA5,0x19,0xA5,0x19,0xA5,0x19,0xA5,0x19,0xA5,0x19,
0xA5,0x19,0xA5,0x19,0xA5,0x19,0xA5,0x19,0xA5,0x19,0xA5,0x19,0xA5,0x19,0xA5,0x19,0xA2,0x10,0x40,0x08,0x00,0x00,0x0D,0x4B,0x18,0x7D,0xB6,0x6C,0xB6,0x6C,0xB5,0x6C,
0xB5,0x6C,0xB6,0x6C,0xB5,0x6C,0xB6,0x6C,0xF7,0x74,0x53,0x6C,0x8A,0x42,0x00,0x00,0xAA,0x52,0xBA,0xD6,0xBD,0xFF,0x37,0xCE,0x85,0x31,0x00,0x00,0x61,0x08,0xE7,0x41,
0x96,0xCD,0x08,0x4A,0x00,0x00,0xA5,0x19,0xA5,0x19,0xA5,0x19,0xA5,0x19,0xA5,0x19,0xA5,0x19,0xA5,0x19,0xA5,0x19,0xA5,0x19,0xA5,0x19,0xA5,0x19,0x41,0x08,0xA2,0x18,
0x50,0x9C,0x6D,0x7B,0x20,0x00,0x00,0x00,0x8D,0x73,0xDA,0xDE,0x9D,0xF7,0x38,0xC6,0x28,0x42,0x41,0x08,0x61,0x08,0xE8,0x31,0x54,0x64,0xB6,0x6C,0x95,0x64,0x95,0x64,
0x95,0x64,0x96,0x64,0x96,0x64,0x96,0x64,0xD7,0x6C,0x34,0x64,0x00,0x00,0x20,0x00,0xA5,0x19,0xA5,0x19,0xA5,0x19,0xA5,0x19,0xA5,0x19,0xA5,0x19,0xA5,0x19,0xA5,0x19,
0xA5,0x19,0xA5,0x19,0xA5,0x19,0xA5,0x19,0xA5,0x19,0xA5,0x19,0xA5,0x19,0xA5,0x19,0xA2,0x10,0x00,0x00,0x86,0x31,0x73,0x74,0xF7,0x74,0xD6,0x6C,0xD6,0x6C,0xF6,0x6C,
0xD6,0x6C,0xD6,0x6C,0xD6,0x74,0xD6,0x74,0xF7,0x74,0x17,0x7D,0xA7,0x29,0x00,0x00,0x00,0x00,0xE7,0x39,0x7D,0xF7,0x00,0x00,0x41,0x08,0x0C,0x6B,0xF3,0xB4,0x96,0xCD,
0x38,0xE6,0x49,0x52,0x00,0x00,0xA5,0x19,0xA5,0x19,0xA5,0x19,0xA5,0x19,0xA5,0x19,0xA5,0x19,0xA5,0x19,0xA5,0x19,0xA5,0x19,0xA5,0x19,0xA5,0x19,0x41,0x08,0xE3,0x20,
0xB6,0xD5,0xD7,0xDD,0x91,0xA4,0x69,0x5A,0x20,0x00,0x85,0x29,0xFF,0xFF,0xAD,0x73,0x00,0x00,0xA2,0x10,0x04,0x19,0x74,0x64,0xD6,0x6C,0x95,0x64,0x95,0x64,0x95,0x64,
0x95,0x64,0x96,0x64,0x96,0x64,0x96,0x64,0xB6,0x6C,0x33,0x64,0x07,0x3A,0x82,0x10,0x41,0x08,0xA5,0x19,0xA5,0x19,0xA5,0x19,0xA5,0x19,0xA5,0x19,0xA5,0x19,0xA5,0x19,
0xA5,0x19,0xA5,0x19,0xA5,0x19,0xA5,0x19,0xA5,0x19,0xA5,0x19,0xA5,0x19,0xA5,0x19,0xA2,0x10,0x00,0x00,0xF2,0x9C,0xD8,0xA5,0xB2,0x4B,0x13,0x54,0x13,0x54,0x33,0x5C,
0x13,0x5C,0xF3,0x53,0x13,0x5C,0x33,0x5C,0x34,0x64,0x90,0x53,0x20,0x00,0x00,0x00,0x00,0x00,0xA6,0x31,0xDE,0xFF,0x34,0xAD,0x71,0xA4,0x17,0xDE,0x95,0xCD,0x75,0xCD,
0xF7,0xDD,0x28,0x52,0x00,0x00,0xA5,0x19,0xA5,0x19,0xA5,0x19,0xA5,0x19,0xA5,0x19,0xA5,0x19,0xA5,0x19,0xA5,0x19,0xA5,0x19,0xA5,0x19,0xA5,0x19,0x41,0x08,0xE3,0x20,
0x75,0xCD,0x75,0xCD,0x96,0xD5,0xF7,0xE5,0xEF,0x93,0xD2,0x9C,0x99,0xD6,0x44,0x21,0x20,0x00,0xA2,0x10,0x25,0x19,0x75,0x64,0xB6,0x6C,0xB5,0x6C,0xB6,0x6C,0xB6,0x6C,
0xB6,0x6C,0xB6,0x6C,0xB6,0x64,0xB6,0x64,0x96,0x64,0xB6,0x6C,0x9E,0xEF,0xC6,0x39,0x20,0x00,0xA5,0x19,0xA5,0x19,0xA5,0x19,0xA5,0x19,0xA5,0x19,0xA5,0x19,0xA5,0x19,
0xA5,0x19,0xA5,0x19,0xA5,0x19,0xA5,0x19,0xA5,0x19,0xA5,0x19,0xA5,0x19,0xA5,0x19,0xA2,0x10,0x00,0x00,0xD2,0x9C,0x35,0x9D,0x2A,0x2A,0x8C,0x32,0x6C,0x32,0x8C,0x32,
0x8C,0x32,0x6C,0x32,0x6C,0x32,0x0B,0x22,0x0B,0x22,0xC9,0x19,0x00,0x00,0x28,0x42,0x92,0x94,0xF3,0xA4,0x5C,0xF7,0xDE,0xFF,0xB6,0xD5,0x55,0xCD,0x75,0xCD,0x95,0xCD,
0x17,0xE6,0x28,0x52,0x00,0x00,0xC2,0x10,0xA5,0x19,0xA5,0x19,0xA5,0x19,0xA5,0x19,0xA5,0x19,0xA5,0x19,0xA5,0x19,0xA5,0x19,0xA5,0x19,0xA5,0x19,0x41,0x08,0x03,0x21,
0x96,0xD5,0x95,0xCD,0x55,0xCD,0x55,0xCD,0x96,0xD5,0xFB,0xEE,0x17,0xBE,0xE7,0x39,0xC7,0x39,0x20,0x00,0x62,0x08,0x67,0x19,0x8D,0x2A,0xCE,0x32,0xCE,0x32,0xCE,0x32,
0xCE,0x32,0xAE,0x2A,0xAE,0x2A,0xAE,0x32,0xAE,0x2A,0xCE,0x3A,0x1B,0xDF,0xA6,0x39,0x20,0x00,0xA5,0x19,0xA5,0x19,0xA5,0x19,0xA5,0x19,0xA5,0x19,0xA5,0x19,0xA5,0x19,
0xA5,0x19,0xA5,0x19,0xA5,0x19,0xA5,0x19,0xA5,0x19,0xA5,0x19,0xA5,0x19,0xA5,0x19,0xA2,0x10,0x00,0x00,0x71,0x8C,0x9E,0xF7,0xDA,0xD6,0xDA,0xDE,0xDA,0xDE,0xDA,0xDE,
0xFB,0xDE,0xFB,0xDE,0xBA,0xD6,0x18,0xBE,0x38,0xBE,0x38,0xBE,0xF7,0xBD,0x1B,0xE7,0xFF,0xFF,0x5C,0xF7,0x96,0xCD,0x99,0xDE,0x75,0xC5,0x75,0xCD,0xD6,0xD5,0x75,0xC5,
0x55,0xC5,0xE7,0x41,0x00,0x00,0xA2,0x10,0xA5,0x19,0xA5,0x19,0xA5,0x19,0xA5,0x19,0xA5,0x19,0xA5,0x19,0xA5,0x19,0xA5,0x19,0xA5,0x19,0xA5,0x19,0x41,0x08,0xE3,0x20,
0xF3,0xBC,0x34,0xC5,0xB6,0xD5,0x95,0xCD,0x34,0xC5,0x58,0xDE,0xDD,0xFF,0xFF,0xFF,0xDA,0xDE,0x8D,0x6B,0x4D,0x6B,0x25,0x19,0x4E,0x5B,0x32,0x74,0x11,0x74,0x11,0x74,
0x11,0x74,0x11,0x74,0x11,0x74,0x11,0x74,0x31,0x74,0x72,0x7C,0x3C,0xE7,0x86,0x31,0x20,0x00,0xA5,0x19,0xA5,0x19,0xA5,0x19,0xA5,0x19,0xA5,0x19,0xA5,0x19,0xA5,0x19,
0xA5,0x19,0xA5,0x19,0xA5,0x19,0xA5,0x19,0xA5,0x19,0xA5,0x19,0xA5,0x19,0xA5,0x19,0xA2,0x10,0x00,0x00,0x50,0x8C,0xFF,0xFF,0xDE,0xFF,0xDD,0xFF,0xDD,0xFF,0xBE,0xFF,
0xDE,0xFF,0xDE,0xFF,0xDD,0xFF,0xFE,0xFF,0xFE,0xFF,0xFE,0xFF,0xFE,0xFF,0xDE,0xFF,0xBD,0xF7,0x38,0xD6,0x75,0xCD,0x75,0xCD,0x75,0xC5,0x55,0xC5,0x28,0x4A,0xA5,0x19,
0x41,0x08,0x40,0x08,0x41,0x08,0xA5,0x19,0xA5,0x19,0xA5,0x19,0xA5,0x19,0xA5,0x19,0xA5,0x19,0xA5,0x19,0xA5,0x19,0xA5,0x19,0xA5,0x19,0xA5,0x19,0x82,0x10,0x40,0x08,
0x40,0x08,0x08,0x4A,0xB2,0xAC,0x34,0xC5,0xF7,0xDD,0xD6,0xD5,0x3B,0xEF,0xBD,0xF7,0xDD,0xF7,0xFF,0xFF,0xFE,0xFF,0xDA,0xDE,0xBD,0xF7,0xFE,0xFF,0xDD,0xFF,0xDE,0xFF,
0xDE,0xFF,0xFE,0xFF,0xFE,0xFF,0xDE,0xFF,0xFE,0xFF,0xFE,0xFF,0xDE,0xF7,0x65,0x29,0x20,0x00,0xA5,0x19,0xA5,0x19,0xA5,0x19,0xA5,0x19,0xA5,0x19,0xA5,0x19,0xA5,0x19,
0xA5,0x19,0xA5,0x19,0xA5,0x19,0xA5,0x19,0xA5,0x19,0xA5,0x19,0xA5,0x19,0xA5,0x19,0xA2,0x10,0x00,0x00,0xB2,0x94,0xFF,0xFF,0xBD,0xF7,0xBD,0xF7,0xBD,0xF7,0xBD,0xF7,
0xBD,0xF7,0xBD,0xF7,0x9D,0xF7,0x9D,0xF7,0x9D,0xF7,0xBD,0xF7,0xBD,0xF7,0x5C,0xEF,0x5C,0xF7,0x17,0xDE,0x17,0xDE,0xB6,0xCD,0xE7,0x41,0xA2,0x18,0x00,0x00,0x00,0x00,
0x00,0x00,0x61,0x08,0xA5,0x19,0xA5,0x19,0xA5,0x19,0xA5,0x19,0xA5,0x19,0xA5,0x19,0xA5,0x19,0xA5,0x19,0xA5,0x19,0xA5,0x19,0xA5,0x19,0xA5,0x19,0xA5,0x19,0xA2,0x10,
0x00,0x00,0x00,0x00,0x00,0x00,0x86,0x39,0x8E,0x83,0x75,0xCD,0xFA,0xEE,0xFE,0xFF,0xBD,0xF7,0x9D,0xF7,0x9D,0xF7,0xDE,0xFF,0xBD,0xF7,0x9D,0xF7,0x9D,0xF7,0x9D,0xF7,
0x9D,0xF7,0xBD,0xF7,0x9D,0xF7,0x9D,0xF7,0x9D,0xF7,0xFE,0xFF,0xFF,0xFF,0x65,0x29,0x20,0x00,0xA5,0x19,0xA5,0x19,0xA5,0x19,0xA5,0x19,0xA5,0x19,0xA5,0x19,0xA5,0x19,
0xA5,0x19,0xA5,0x19,0xA5,0x19,0xA5,0x19,0xA5,0x19,0xA5,0x19,0xA5,0x19,0xA5,0x19,0xC2,0x10,0x40,0x00,0x07,0x42,0xF3,0x9C,0xFF,0xFF,0xFF,0xFF,0xFF,0xFF,0xFF,0xFF,
0xFF,0xFF,0xFF,0xFF,0xFF,0xFF,0xFF,0xFF,0xFF,0xFF,0xFF,0xFF,0xFF,0xFF,0x1B,0xEF,0x2C,0x73,0x0B,0x6B,0x0C,0x6B,0x24,0x29,0x20,0x00,0x61,0x08,0x61,0x08,0x61,0x08,
0x61,0x08,0xA2,0x10,0xA5,0x19,0xA5,0x19,0xA5,0x19,0xA5,0x19,0xA5,0x19,0xA5,0x19,0xA5,0x19,0xA5,0x19,0xA5,0x19,0xA5,0x19,0xA5,0x19,0xA5,0x19,0xA5,0x19,0xA5,0x19,
0xA5,0x19,0xA2,0x10,0x20,0x00,0x00,0x00,0x00,0x00,0x24,0x29,0xF2,0x9C,0xBE,0xF7,0x7C,0xEF,0xBD,0xF7,0xBD,0xF7,0xBD,0xF7,0xBD,0xF7,0xBD,0xF7,0xBD,0xF7,0xBD,0xF7,
0xBD,0xF7,0xBD,0xF7,0xBD,0xF7,0xBD,0xF7,0xDE,0xF7,0x3C,0xE7,0x38,0xC6,0x24,0x21,0x20,0x00,0xA5,0x19,0xA5,0x19,0xA5,0x19,0xA5,0x19,0xA5,0x19,0xA5,0x19,0xA5,0x19,
0xA5,0x19,0xA5,0x19,0xA5,0x19,0xA5,0x19,0xA5,0x19,0xA5,0x19,0xA5,0x19,0xA5,0x19,0xA5,0x19,0xA5,0x19,0x00,0x00,0xE3,0x18,0x95,0xB5,0x75,0xAD,0x54,0xAD,0x34,0xA5,
0x34,0xA5,0x34,0xA5,0x34,0xA5,0x54,0xAD,0x54,0xAD,0x54,0xAD,0x75,0xAD,0xD2,0x9C,0x20,0x00,0x00,0x00,0x00,0x00,0x00,0x00,0x82,0x10,0xA5,0x19,0xA5,0x19,0xA5,0x19,
0xA5,0x19,0xA5,0x19,0xA5,0x19,0xA5,0x19,0xA5,0x19,0xA5,0x19,0xA5,0x19,0xA5,0x19,0xA5,0x19,0xA5,0x19,0xA5,0x19,0xA5,0x19,0xA5,0x19,0xA5,0x19,0xA5,0x19,0xA5,0x19,
0xA5,0x19,0xA5,0x19,0xA5,0x19,0xA5,0x19,0x41,0x08,0x00,0x00,0x61,0x08,0xE3,0x18,0x48,0x4A,0xFF,0xFF,0xFE,0xFF,0xDE,0xFF,0xDE,0xFF,0xDE,0xF7,0xDE,0xF7,0xDE,0xFF,
0xDE,0xFF,0xDE,0xFF,0xDE,0xFF,0xDE,0xFF,0xFF,0xFF,0x13,0xA5,0x00,0x00,0x41,0x08,0x82,0x10,0xA5,0x19,0xA5,0x19,0xA5,0x19,0xA5,0x19,0xA5,0x19,0xA5,0x19,0xA5,0x19,
0xA5,0x19,0xA5,0x19,0xA5,0x19,0xA5,0x19,0xA5,0x19,0xA5,0x19,0xA5,0x19,0xA5,0x19,0xA5,0x19,0xA5,0x19,0xA2,0x10,0x41,0x08,0x00,0x00,0x00,0x00,0x00,0x00,0x00,0x00,
0x00,0x00,0x00,0x00,0x00,0x00,0x00,0x00,0x00,0x00,0x00,0x00,0x00,0x00,0x00,0x00,0x41,0x08,0xA2,0x10,0x82,0x10,0xA2,0x10,0xA5,0x19,0xA5,0x19,0xA5,0x19,0xA5,0x19,
0xA5,0x19,0xA5,0x19,0xA5,0x19,0xA5,0x19,0xA5,0x19,0xA5,0x19,0xA5,0x19,0xA5,0x19,0xA5,0x19,0xA5,0x19,0xA5,0x19,0xA5,0x19,0xA5,0x19,0xA5,0x19,0xA5,0x19,0xA5,0x19,
0xA5,0x19,0xA5,0x19,0xA5,0x19,0xA5,0x19,0xA5,0x19,0xA2,0x10,0x61,0x08,0x20,0x00,0x61,0x08,0xC6,0x39,0xC6,0x39,0xA6,0x31,0xA6,0x31,0xA6,0x31,0xA6,0x31,0xA6,0x31,
0xA6,0x31,0xA6,0x31,0x86,0x31,0x86,0x31,0x86,0x31,0x24,0x21,0x20,0x00,0x82,0x10,0xA5,0x19,0xA5,0x19,0xA5,0x19,0xA5,0x19,0xA5,0x19,0xA5,0x19,0xA5,0x19,0xA5,0x19,
0xA5,0x19,0xA5,0x19,0xA5,0x19,0xA5,0x19,0xA5,0x19,0xA5,0x19,0xA5,0x19,0xA5,0x19,0xA5,0x19,0xA5,0x19,0xA5,0x19,0xA2,0x10,0x40,0x08,0x20,0x00,0x20,0x00,0x20,0x00,
0x20,0x00,0x20,0x00,0x40,0x08,0x40,0x08,0x20,0x00,0x20,0x00,0x20,0x00,0x20,0x00,0x81,0x10,0xA5,0x19,0xA5,0x19,0xA5,0x19,0xA5,0x19,0xA5,0x19,0xA5,0x19,0xA5,0x19,
0xA5,0x19,0xA5,0x19,0xA5,0x19,0xA5,0x19,0xA5,0x19,0xA5,0x19,0xA5,0x19,0xA5,0x19,0xA5,0x19,0xA5,0x19,0xA5,0x19,0xA5,0x19,0xA5,0x19,0xA5,0x19,0xA5,0x19,0xA5,0x19,
0xA5,0x19,0xA5,0x19,0xA5,0x19,0xA5,0x19,0xA5,0x19,0xA5,0x19,0xA5,0x19,0xA5,0x19,0x61,0x08,0x00,0x00,0x00,0x00,0x00,0x00,0x00,0x00,0x00,0x00,0x00,0x00,0x00,0x00,
0x00,0x00,0x00,0x00,0x00,0x00,0x00,0x00,0x00,0x00,0x00,0x00,0xA5,0x19,0xA5,0x19,0xA5,0x19,0xA5,0x19,0xA5,0x19,0xA5,0x19,0xA5,0x19,0xA5,0x19,0xA5,0x19,0xA5,0x19,

};

const lv_image_dsc_t badge_avatar = {
    .header.magic = LV_IMAGE_HEADER_MAGIC,
    .header.cf = LV_COLOR_FORMAT_RGB565,
    .header.w = 80,
    .header.h = 157,
    .header.stride = 160,
    .data_size = 25120,
    .data = badge_avatar_map,
};
